System,3wrobotNI
Controller,MPC
dt,0.4
state_init,[-3.         -3.          1.57079633]
is_est_model,False
model_est_stage,1.0
model_est_period_multiplier,1
model_order,5
prob_noise_pow,False
Nactor,3
pred_step_size_multiplier,12.0
buffer_size,10
stage_obj_struct,quadratic
R1_diag,"[1, 10, 1, 0, 0]"
R2_diag,"[1, 10, 1, 0, 0]"
Ncritic,4
gamma,1.0
critic_period_multiplier,1.0
critic_struct,quad-nomix
actor_struct,quad-nomix
t [s],x [m],y [m],alpha [rad],stage_obj,accum_obj,v [m/s],omega [rad/s]
28.684,-2.0015721473285546,1.997601862984979,-1.568703824922592,46.3712547812988,18.548501912519523,0.22,-0.9665107756458068
28.79,-2.0015721473285546,1.997601862984979,-1.568703824922592,46.3712547812988,37.097003825039046,0.22,-0.9665107756458068
28.84,-2.0015721086799325,1.9976018696391602,-1.5687032151996019,46.37125297948168,55.64550501683172,0.22,-0.9665107756458068
28.89,-2.00157208964398,1.9976018729166134,-1.5687029148872405,46.371252092017116,74.19400585363857,0.22,-0.9665107756458068
28.94,-2.0015682488589834,1.9958160430476208,-1.5686662268582885,46.29980596298887,92.71392823883411,0.22,-0.9665107756458068
28.99,-2.0015637565445,1.9936407693595468,-1.568624379651549,46.212875088475,111.19907827422412,0.22,-0.9665107756458068
29.04,-2.0015499820708804,1.9866654537946973,-1.568499748318946,45.934790044217436,129.5729942919111,0.22,-0.9665107756458068
29.09,-2.001584961976165,1.9668602421823944,-1.5794145083262487,45.18628467189844,147.64750816067047,0.22,-0.22934220661862217
29.198,-2.001638616208852,1.9616916854087039,-1.5845692746117266,45.18628467189844,165.72202202942984,0.22,-0.22934220661862217
29.201,-2.001638616208852,1.9616916854087039,-1.5845692746117266,44.99975962195843,183.7219258782132,0.22,-0.22934220661862217
29.24,-2.0017205882417763,1.9564283414120562,-1.5864792676328854,44.79992033082328,201.6418940105425,0.22,-0.22934220661862217
29.29,-2.001787621192681,1.9516558246189089,-1.5824564794415372,44.60092676737589,219.48226471749285,0.22,-0.22934220661862217
29.34,-2.001903730052128,1.9412022618624971,-1.5851030159466442,44.20283233016052,237.16339764955706,0.22,-0.22934220661862217
29.39,-2.0020069246266603,1.9351986143753923,-1.5919586671154722,43.99230089486156,254.76031800750167,0.22,-0.22934220661862217
29.44,-2.0024357377779847,1.921016050228097,-1.6097732200853039,43.50414535637386,272.1619761500512,0.22,-0.22934220661862217
29.49,-2.002747201937841,1.913693286327185,-1.6173673220167708,43.24909335053496,289.46161349026517,0.22,-0.22934220661862217
29.54,-2.004564689276159,1.8842049735813744,-1.6479587227738812,42.23633137014722,306.356146038324,0.22,0.3356386005483224
29.633,-2.004564689276159,1.8842049735813744,-1.6479587227738812,42.23633137014722,323.2506785863829,0.22,0.3356386005483224
29.64,-2.0051737815327346,1.8766816664474442,-1.655709003003872,41.98143496857392,340.0432525738125,0.22,0.3356386005483224
29.69,-2.005814122576661,1.8693679269784818,-1.6587083785916044,41.71996824369623,356.731239871291,0.22,0.3356386005483224
29.74,-2.0070129498065614,1.8547926993621595,-1.642386650311702,41.128094465884985,373.182477657645,0.22,0.3356386005483224
29.79,-2.007487105701714,1.8476860728225537,-1.6317920496737424,40.83218800996139,389.51535286162954,0.22,0.3356386005483224
29.84,-2.008218547713318,1.833201965632481,-1.6097285834559776,40.2304623157629,405.6075377879347,0.22,0.3356386005483224
29.89,-2.008460388870601,1.8260473081224298,-1.5986687891590368,39.93414274610518,421.58119488637675,0.22,0.3356386005483224
29.94,-2.0086330152165033,1.7971848457021002,-1.5541088374848095,38.74859456477895,437.0806327122883,0.22,-0.22054996547829558
30.014,-2.0086330152165033,1.7971848457021002,-1.5541088374848095,38.74859456477895,452.5800705381999,0.22,-0.22054996547829558
30.04,-2.008470739182554,1.7898040749369577,-1.5427205317370116,38.44792761580483,467.9592415845218,0.22,-0.22054996547829558
30.09,-2.0082469596009833,1.7829781844522052,-1.5330720688899335,38.17347788148188,483.22863273711454,0.22,-0.22054996547829558
30.14,-2.0077014710295225,1.7697455652121008,-1.5275881892675722,37.68438452864287,498.3023865485717,0.22,-0.22054996547829558
30.19,-2.007414370338132,1.7632230423617878,-1.525880595386173,37.44757901677169,513.2814181552803,0.22,-0.22054996547829558
30.24,-2.0067956947298047,1.749677861923737,-1.5264787785422684,36.97109262678617,528.0698552059948,0.22,-0.22054996547829558
30.29,-2.0064944714034314,1.7425988358503912,-1.5310840866975814,36.736745571382485,542.7645534345478,0.22,-0.22054996547829558
30.34,-2.006009626904317,1.727742602855865,-1.5458176058681075,36.264571711076194,557.2703821189783,0.22,-0.22054996547829558
30.39,-2.0056984726062743,1.6982177210078482,-1.5752186589228205,35.34357446588465,571.4078119053322,0.22,0.3227707717507506
30.499,-2.005755789888989,1.6908891610761074,-1.5825200416796235,35.34357446588465,585.5452416916861,0.22,0.3227707717507506
30.503,-2.005755789888989,1.6908891610761074,-1.5825200416796235,35.11848752143751,599.5926367002611,0.22,0.3227707717507506
30.54,-2.0058558099370085,1.6832744471202163,-1.583589799281872,34.86534282592635,613.5387738306316,0.22,0.3227707717507506
30.59,-2.0059306898431704,1.675816488614781,-1.5768371104020642,34.59378224032758,627.3762867267626,0.22,0.3227707717507506
30.64,-2.0059011674478344,1.6608814557510716,-1.5595055806711504,34.040969250291035,640.992674426879,0.22,0.3227707717507506
30.69,-2.005786157875427,1.6537075660887917,-1.5490979889680587,33.7703698319427,654.5008223596561,0.22,0.3227707717507506
30.74,-2.0053285220817845,1.6392422813597531,-1.5283534783546333,33.2283594062487,667.7921661221555,0.22,0.3227707717507506
30.79,-2.004989250972344,1.6320900993071672,-1.517706359306642,32.96059541215925,680.9764042870192,0.22,0.3227707717507506
30.84,-2.0021048698483668,1.5959547016409281,-1.4638325923700395,31.62194386525318,693.6251818331206,0.22,0.316297625879175
30.942,-2.0021048698483668,1.5959547016409281,-1.4638325923700395,31.62194386525318,706.2739593792219,0.22,0.316297625879175
30.944,-2.0021048698483668,1.5959547016409281,-1.4638325923700395,31.62194386525318,718.9227369253232,0.22,0.316297625879175
30.99,-2.001304419812607,1.588831543263069,-1.453187428958561,31.360829813121725,731.4670688505719,0.22,0.316297625879175
31.04,-1.9994484046675136,1.5743901890462801,-1.4320087878206458,30.835487764974836,743.8012639565618,0.22,0.316297625879175
31.09,-1.9984221587690596,1.5672934571976875,-1.4215751228609852,30.57865476434321,756.0327258622991,0.22,0.316297625879175
31.14,-1.996128111318289,1.5529500812833137,-1.4002790745604357,30.061848473025453,768.0574652515093,0.22,0.316297625879175
31.19,-1.9948865104692404,1.5459537714342366,-1.389221295201121,29.809238630809823,779.9811607038332,0.22,0.316297625879175
31.241,-1.9874116887081736,1.5104979854003493,-1.3361968827446027,28.551268968855407,791.4016682913754,0.22,0.293421998998379
31.343,-1.9874116887081736,1.5104979854003493,-1.3361968827446027,28.551268968855407,802.8221758789175,0.22,0.293421998998379
31.347,-1.9874116887081736,1.5104979854003493,-1.3361968827446027,28.551268968855407,814.2426834664597,0.22,0.293421998998379
31.39,-1.9857120582431829,1.5035361983103708,-1.3257418984635305,28.306854955890092,825.5654254488157,0.22,0.293421998998379
31.44,-1.9820437080642226,1.4894383131728661,-1.3060432205588446,27.81851104211702,836.6928298656626,0.22,0.293421998998379
31.49,-1.9801347058806515,1.4825203315585296,-1.2963555508568994,27.580136502514673,847.7248844666684,0.22,0.293421998998379
31.54,-1.9760562784787563,1.4685430488092117,-1.2768799955387724,27.101407800780954,858.5654475869808,0.22,0.293421998998379
31.59,-1.973947831026838,1.4616877937516208,-1.2672852764282723,26.867794075492245,869.3125652171777,0.22,0.293421998998379
31.64,-1.9694644653244773,1.4478324769034177,-1.2476967719917793,26.397726326777388,879.8716557478887,0.22,0.293421998998379
31.69,-1.959773626922232,1.4206871402102261,-1.2077627536932884,25.48292304157582,890.064824964519,0.22,0.2660863158238022
31.773,-1.959773626922232,1.4206871402102261,-1.2077627536932884,25.48292304157582,900.2579941811492,0.22,0.2660863158238022
31.79,-1.959773626922232,1.4206871402102261,-1.2077627536932884,25.48292304157582,910.4511633977795,0.22,0.2660863158238022
31.84,-1.9544736793822635,1.4071172679550976,-1.1889358180521965,25.033325800619664,920.4644937180274,0.22,0.2660863158238022
31.89,-1.9517702555119136,1.4004639108853913,-1.1801197313492746,24.815081367544977,930.3905262650453,0.22,0.2660863158238022
31.94,-1.946101324861387,1.3870298980959057,-1.1622677095870113,24.376695977495267,940.1412046560434,0.22,0.2660863158238022
31.99,-1.9432280652770242,1.38046521488402,-1.1537229565722982,24.164054069250046,949.8068262837435,0.22,0.2660863158238022
32.04,-1.937208377940963,1.3671869948830557,-1.135998481415811,23.735271639117293,959.3009349393903,0.22,0.2660863158238022
32.09,-1.9277854950174604,1.3475663695901545,-1.1095066045700144,23.106713024888084,968.5436201493455,0.22,0.24623491189812002
32.162,-1.9277854950174604,1.3475663695901545,-1.1095066045700144,23.106713024888084,977.7863053593007,0.22,0.24623491189812002
32.19,-1.9245636493061717,1.3411501711120106,-1.1007074574925026,22.90233996194805,986.94724134408,0.22,0.24623491189812002
32.24,-1.9178906748400268,1.3282925751306771,-1.0829890977996495,22.494781678064086,995.9451540153057,0.22,0.24623491189812002
32.29,-1.9144987436165064,1.3219577469765713,-1.0748198668638342,22.2962660334281,1004.8636604286769,0.22,0.24623491189812002
32.34,-1.90745347445407,1.309182642896388,-1.0582214197731237,21.897803255085265,1013.622781730711,0.22,0.24623491189812002
32.392,-1.9039059446087598,1.3029348462114783,-1.0500849815514943,21.703928449117857,1022.3043531103582,0.22,0.24623491189812002
32.44,-1.8965617895810343,1.2903569175283631,-1.0339224430542453,21.316151986083064,1030.8308139047915,0.22,0.24623491189812002
32.49,-1.8928634047150739,1.2841961377568463,-1.0258210090438544,21.126837813801302,1039.2815490303121,0.22,0.24623491189812002
32.542,-1.8693824074473204,1.2474999505388942,-0.9767160891975847,20.011126170116395,1047.2859994983587,0.22,0.22530816024826278
32.693,-1.8693824074473204,1.2474999505388942,-0.9767160891975847,20.011126170116395,1055.2904499664053,0.22,0.22530816024826278
32.743,-1.8611549446322762,1.2355296116411711,-0.9600190603709862,19.650868536626593,1063.150797381056,0.22,0.22530816024826278
32.793,-1.8570157625875992,1.2296622480135193,-0.9524085501082543,19.476282030714728,1070.941310193342,0.22,0.22530816024826278
32.843,-1.8484816304202718,1.2178506276671643,-0.9376092353189327,19.127596929249602,1078.5923489650418,0.22,0.22530816024826278
32.893,-1.844210409203338,1.2120730763009382,-0.9302347788997714,18.95766020022485,1086.1754130451318,0.22,0.22530816024826278
32.943,-1.8265485640126504,1.1890924275883674,-0.9003109537225129,18.286247483569383,1093.4899120385596,0.22,0.20766269777935503
33.018,-1.8265485640126504,1.1890924275883674,-0.9003109537225129,18.286247483569383,1100.8044110319875,0.22,0.20766269777935503
33.043,-1.8219217938838894,1.1833007028271523,-0.8926670714745192,18.118259056636308,1108.051714654642,0.22,0.20766269777935503
33.093,-1.8173863327386888,1.1777070709275284,-0.8858299709017908,17.95752726890023,1115.2347255622021,0.22,0.20766269777935503
33.143,-1.8128118729156404,1.1721434483848334,-0.8789968845536016,17.798125045553736,1122.3539755804236,0.22,0.20766269777935503
33.198,-1.803407887830342,1.160944399230554,-0.8650927403321418,17.478584440311987,1129.3454093565483,0.22,0.20766269777935503
33.243,-1.793876772543214,1.1499116908369666,-0.850762045527204,17.164758900415006,1136.2113129167144,0.22,0.20766269777935503
33.294,-1.789143793297829,1.1445508610593516,-0.8442060456298246,17.013686096091117,1143.0167873551509,0.22,0.20766269777935503
33.343,-1.7645093920744186,1.1177621245135345,-0.8096983037245471,16.263026407743347,1149.5219979182482,0.22,0.18626363269447258
33.465,-1.7595281354202563,1.1125659157411203,-0.8028453823600677,16.263026407743347,1156.0272084813455,0.22,0.18626363269447258
33.467,-1.7595281354202563,1.1125659157411203,-0.8028453823600677,16.118529136001143,1162.474620135746,0.22,0.18626363269447258
33.493,-1.7595281354202563,1.1125659157411203,-0.8028453823600677,16.118529136001143,1168.9220317901463,0.22,0.18626363269447258
33.543,-1.7493002421143082,1.1021124936304822,-0.7896601050960007,15.8301339048054,1175.2540853520684,0.22,0.18626363269447258
33.593,-1.7442102121979046,1.0970080400715503,-0.7835198915384123,15.690439084588066,1181.5302609859036,0.22,0.18626363269447258
33.643,-1.7337784268495102,1.0867394049107704,-0.771065504141533,15.410554986943954,1187.6944829806812,0.22,0.18626363269447258
33.693,-1.7285954735872542,1.0817313411729046,-0.7649460733499481,15.274611751197156,1193.80432768116,0.22,0.18626363269447258
33.743,-1.718033329762316,1.0717093953949275,-0.7527211047167254,15.003837865437768,1199.805862827335,0.22,0.18626363269447258
33.793,-1.7019894224238103,1.0569618904759968,-0.7337582292800929,14.60685351226472,1205.6486042322408,0.22,0.17166093897429796
33.853,-1.7019894224238103,1.0569618904759968,-0.7337582292800929,14.60685351226472,1211.4913456371467,0.22,0.17166093897429796
33.893,-1.6966273565821641,1.052154651898207,-0.7275931204383814,14.478230251122614,1217.2826377375957,0.22,0.17166093897429796
33.945,-1.6856453771305162,1.0424832563099211,-0.7160621208498414,14.221858695222819,1222.971381215685,0.22,0.17166093897429796
33.993,-1.68019410166522,1.0377651238037506,-0.7103882373823569,14.097268188915946,1228.6102884912514,0.22,0.17166093897429796
34.043,-1.6690413314972041,1.0282786565182414,-0.6988771646810252,13.84769821206814,1234.1493677760786,0.22,0.17166093897429796
34.093,-1.6635071528969363,1.0236526043028609,-0.6932190674444068,13.726455266168058,1239.6399498825458,0.22,0.17166093897429796
34.143,-1.6522007271335624,1.0143649411540825,-0.6819478759179385,13.484182486634912,1245.0336228771998,0.22,0.17166093897429796
34.193,-1.6466198254335596,1.0098557948651927,-0.6768223971101551,13.367532670968885,1250.3806359455873,0.22,0.17166093897429796
34.243,-1.606355430606513,0.9788186306431781,-0.6363251037460327,12.566146524038297,1255.4070945552025,0.22,0.1504937903719761
34.419,-1.606355430606513,0.9788186306431781,-0.6363251037460327,12.566146524038297,1260.4335531648178,0.22,0.1504937903719761
34.469,-1.5945307121424004,0.9701804623020689,-0.6254753996478416,12.346248961856539,1265.3720527495605,0.22,0.1504937903719761
34.519,-1.588669796741561,0.9659682012224027,-0.6204975695734338,12.239834614653853,1270.267986595422,0.22,0.1504937903719761
34.569,-1.5767089029868424,0.957508172154087,-0.610493792500716,12.026932632858486,1275.0787596485652,0.22,0.1504937903719761
34.619,-1.5708165967235013,0.9534041835078331,-0.606088034183222,11.924602857024462,1279.848600791375,0.22,0.1504937903719761
34.669,-1.540595376278425,0.9329998126256027,-0.5808585230078256,11.415717240755393,1284.4148876876773,0.22,0.1316778109362862
34.771,-1.540595376278425,0.9329998126256027,-0.5808585230078256,11.415717240755393,1288.9811745839795,0.22,0.1316778109362862
34.776,-1.540595376278425,0.9329998126256027,-0.5808585230078256,11.415717240755393,1293.5474614802818,0.22,0.1316778109362862
34.819,-1.5345560541392718,0.9290555363710842,-0.5758738047640922,11.317934818926592,1298.0746354078524,0.22,0.1316778109362862
34.869,-1.5222303872235239,0.9211277541158911,-0.5669734420780794,11.1234076298344,1302.523998459786,0.22,0.1316778109362862
34.919,-1.5161319527676256,0.9172622050893897,-0.5625970021914617,11.02887101393229,1306.935546865359,0.22,0.1316778109362862
34.969,-1.5036960854409736,0.9094945763847855,-0.5537308053876056,10.839523566939118,1311.2713562921344,0.22,0.1316778109362862
35.019,-1.4975460631719588,0.9057096409324572,-0.5493968807429366,10.747580680671906,1315.5703885644032,0.22,0.1316778109362862
35.069,-1.4724604713324674,0.8906277372957863,-0.5327003876270573,10.38408720702077,1319.7240234472115,0.22,0.11602280404692628
35.165,-1.4662315624156352,0.8869722405999061,-0.5283939815848817,10.38408720702077,1323.8776583300198,0.22,0.11602280404692628
35.169,-1.4662315624156352,0.8869722405999061,-0.5283939815848817,10.296232750347096,1327.9961514301588,0.22,0.11602280404692628
35.219,-1.4599840552139882,0.8833404126417832,-0.5245882148846419,10.209649082736496,1332.0800110632533,0.22,0.11602280404692628
35.269,-1.4472881255246512,0.8760613275547047,-0.5164219782439392,10.036169074267159,1336.0944786929601,0.22,0.11602280404692628
35.319,-1.4410009532250718,0.8725062529347396,-0.5125529304721492,9.95186586783335,1340.0752250400935,0.22,0.11602280404692628
35.369,-1.428191715700788,0.8653620156582917,-0.5046970095483014,9.782964829685175,1343.9884109719676,0.22,0.11602280404692628
35.419,-1.421860857182196,0.861879504091396,-0.5008350468803449,9.700886837098835,1347.8687657068072,0.22,0.11602280404692628
35.469,-1.4089695386882726,0.8548864058833765,-0.4931038209011651,9.536654208780742,1351.6834273903194,0.22,0.11602280404692628
35.519,-1.383269769055067,0.841304188772622,-0.4785960344954403,9.220416798680015,1355.3715941097914,0.22,0.1043871750922231
35.614,-1.383269769055067,0.841304188772622,-0.4785960344954403,9.220416798680015,1359.0597608292635,0.22,0.1043871750922231
35.619,-1.383269769055067,0.841304188772622,-0.4785960344954403,9.220416798680015,1362.7479275487356,0.22,0.1043871750922231
35.669,-1.3702169582138897,0.8345919371165087,-0.4712763121231933,9.065032889944225,1366.3739407047133,0.22,0.1043871750922231
35.72,-1.3637710504317975,0.8313207976430477,-0.46782501689691314,8.989674410369174,1369.969810468861,0.22,0.1043871750922231
35.769,-1.3506715840556498,0.8247616194785217,-0.46050450475114957,8.838695416519839,1373.5052886354688,0.22,0.1043871750922231
35.819,-1.3441923565022909,0.8215604660377411,-0.45701363546059626,8.765330547837596,1377.0114208546038,0.22,0.1043871750922231
35.869,-1.3310015243702733,0.8151298847569421,-0.44993457188196717,8.618373467089258,1380.4587702414394,0.22,0.1043871750922231
35.919,-1.3244879854714717,0.8119970432633641,-0.44647581079342014,8.547001055966374,1383.877570663826,0.22,0.1043871750922231
35.969,-1.3047437477957042,0.8026576895331803,-0.4369511415379066,8.335876213170692,1387.2119211490942,0.22,0.107462035907537
36.022,-1.3047437477957042,0.8026576895331803,-0.4369511415379066,8.335876213170692,1390.5462716343625,0.22,0.107462035907537
36.069,-1.2914242363866713,0.7964912062278606,-0.42993447718092015,8.26492066457557,1393.8522399001927,0.22,0.107462035907537
36.119,-1.284846684086265,0.7934880758594283,-0.4264298365332595,8.12890667240423,1397.1038025691544,0.22,0.107462035907537
36.169,-1.2714605079913197,0.7874620824482634,-0.41928006775021043,7.993372911531723,1400.301151733767,0.22,0.107462035907537
36.219,-1.2648556052685607,0.7845319830181814,-0.41569340414596656,7.927565032214159,1403.4721777466527,0.22,0.107462035907537
36.269,-1.2514279126212549,0.7786638427433907,-0.4082055414552228,7.795877384521382,1406.5905287004614,0.22,0.107462035907537
36.319,-1.2447904108876433,0.7758062244738178,-0.40460902002706867,7.731964605448289,1409.6833145426408,0.22,0.107462035907537
36.369,-1.2312846925081817,0.7700789709785596,-0.39737522244634915,7.604185276853226,1412.724988653382,0.22,0.107462035907537
36.419,-1.2111101911639663,0.7617226126504528,-0.3875324441458916,7.4191826766372255,1415.692661724037,0.22,0.10515544049721191
36.479,-1.2111101911639663,0.7617226126504528,-0.3875324441458916,7.4191826766372255,1418.6603347946918,0.22,0.10515544049721191
36.519,-1.2044139202626998,0.7590021768204398,-0.3840157777977282,7.35892405310182,1421.6039044159327,0.22,0.10515544049721191
36.569,-1.1907847036451975,0.7535482804268914,-0.377038652390264,7.238476465174896,1424.4992950020026,0.22,0.10515544049721191
36.619,-1.1840563623893439,0.750896363360577,-0.3736032650978143,7.180022354087829,1427.3713039436377,0.22,0.10515544049721191
36.669,-1.170369192864307,0.7455841368822591,-0.36658531195279465,7.06310589025001,1430.1965462997377,0.22,0.10515544049721191
36.719,-1.1636224903877759,0.7430068511799266,-0.3630137963966207,7.0063881255136335,1432.9991015499431,0.22,0.10515544049721191
36.769,-1.1498975083433933,0.737849570073069,-0.35573854344567657,6.893034071557322,1435.756315178566,0.22,0.10515544049721191
36.819,-1.1293837949343062,0.7303458966955503,-0.345929112052924,6.729225995026214,1438.4480055765764,0.22,0.10331636897616739
36.877,-1.1293837949343062,0.7303458966955503,-0.345929112052924,6.729225995026214,1441.1396959745869,0.22,0.10331636897616739
36.919,-1.1225920037623356,0.7279094424897787,-0.3426179625963428,6.67612143986261,1443.810144550532,0.22,0.10331636897616739
36.969,-1.1087536655432282,0.7230253281149062,-0.33573805970516757,6.569710986546813,1446.4380289451508,0.22,0.10331636897616739
37.019,-1.10192368990803,0.7206540597851472,-0.3323536048780886,6.518117475904134,1449.0452759355123,0.22,0.10331636897616739
37.069,-1.0880284677420606,0.715909475994686,-0.3254906851422048,6.4150139109213375,1451.6112814998808,0.22,0.10331636897616739
37.119,-1.0811714229085712,0.713607210395713,-0.32210819733845253,6.365037843794285,1454.1572966373985,0.22,0.10331636897616739
37.169,-1.0672277844608629,0.7090056073918094,-0.31518735662631925,6.265207726832614,1456.6633797281315,0.22,0.10331636897616739
37.219,-1.0603630241994382,0.7067799279135931,-0.3115959521863876,6.216840445523759,1459.150115906341,0.22,0.10331636897616739
37.269,-1.03243842338853,0.6979926021742853,-0.2985692937379605,6.027009448152478,1461.560919685602,0.22,0.10558002516822525
37.347,-1.03243842338853,0.6979926021742853,-0.2985692937379605,6.027009448152478,1463.9717234648629,0.22,0.10558002516822525
37.369,-1.0255293487628567,0.6958780673051779,-0.2951772190554083,5.981302881387149,1466.3642446174176,0.22,0.10558002516822525
37.419,-1.0186121430457424,0.6937870436794191,-0.29170591437013305,5.936067658213037,1468.7386716807027,0.22,0.10558002516822525
37.469,-1.0045424472982516,0.6896143909092636,-0.2846656306947859,5.845820131214366,1471.0769997331886,0.22,0.10558002516822525
37.519,-0.9976000082475239,0.6875950645342164,-0.28120217937529146,5.802150169859005,1473.3978598011322,0.22,0.10558002516822525
37.569,-0.9834796082970907,0.6835680687727883,-0.2741782192568363,5.715058882308643,1475.6838833540558,0.22,0.10558002516822525
37.619,-0.9765135880835879,0.6816208164231432,-0.2707120128190974,5.672933155409973,1477.9530566162198,0.22,0.10558002516822525
37.669,-0.9623530705509298,0.6777432930513652,-0.2636177031719569,5.588977438585546,1480.188647591654,0.22,0.10558002516822525
37.719,-0.9342644838223003,0.6703672431566592,-0.2503276367639302,5.429436458434157,1482.3604221750277,0.22,0.10536397847032433
37.806,-0.9342644838223003,0.6703672431566592,-0.2503276367639302,5.429436458434157,1484.5321967584014,0.22,0.10536397847032433
37.819,-0.9342644838223003,0.6703672431566592,-0.2503276367639302,5.429436458434157,1486.703971341775,0.22,0.10536397847032433
37.869,-0.9200393562888035,0.6667816964113182,-0.24326880331454737,5.351630434477961,1488.8446235155664,0.22,0.10536397847032433
37.919,-0.9130221191653608,0.6650521255237869,-0.23980005680753536,5.314056753967172,1490.9702462171533,0.22,0.10536397847032433
37.969,-0.8987529996851622,0.661614548290679,-0.2327653902570399,5.239274786443381,1493.0659561317307,0.22,0.10536397847032433
38.019,-0.89171419573089,0.6599578475805707,-0.2293047678946536,5.203178489279007,1495.1472275274423,0.22,0.10536397847032433
38.069,-0.8774020652720611,0.6566682474820373,-0.22228404620218845,5.131376453850997,1497.1997781089826,0.22,0.10536397847032433
38.122,-0.8489599371118361,0.6504461882335499,-0.20839185844547603,4.994962579362839,1499.1977631407278,0.22,-0.08000834956814053
38.207,-0.8489599371118361,0.6504461882335499,-0.20839185844547603,4.994962579362839,1501.195748172473,0.22,-0.08000834956814053
38.219,-0.8489599371118361,0.6504461882335499,-0.20839185844547603,4.994962579362839,1503.1937332042182,0.22,-0.08000834956814053
38.278,-0.8346805520746295,0.6474715462837328,-0.20135737164119938,4.9294304475963395,1505.1655053832567,0.22,-0.08000834956814053
38.319,-0.8275806139816883,0.6460251817000149,-0.20189536054812796,4.899136763154538,1507.1251600885184,0.22,-0.08000834956814053
38.369,-0.8131053878011164,0.6430232692425735,-0.2072589235653921,4.83888588094276,1509.0607144408955,0.22,-0.08000834956814053
38.419,-0.8059799416867989,0.6415157720615918,-0.20990551134795088,4.809088848133503,1510.9843499801489,0.22,-0.08000834956814053
38.469,-0.7915217287449604,0.6383962015707367,-0.21529071341725037,4.748353840158567,1512.8836915162124,0.22,-0.08000834956814053
38.519,-0.7844048134649786,0.6368306204867911,-0.2179486991029811,4.718324938723623,1514.7710214917017,0.22,-0.08000834956814053
38.569,-0.7484795018497826,0.6286265147932972,-0.2312400248057216,4.565406464773125,1516.597184077611,0.22,-0.08157612524351969
38.676,-0.7484795018497826,0.6286265147932972,-0.2312400248057216,4.565406464773125,1518.4233466635203,0.22,-0.08157612524351969
38.679,-0.7484795018497826,0.6286265147932972,-0.2312400248057216,4.565406464773125,1520.2495092494296,0.22,-0.08157612524351969
38.719,-0.7414397918343256,0.6269583581881855,-0.234514019219207,4.535497619145925,1522.063708297088,0.22,-0.08157612524351969
38.769,-0.7271042519359509,0.6234880932760027,-0.2404092055280056,4.473851203855401,1523.8532487786301,0.22,-0.08157612524351969
38.819,-0.7200345789521869,0.6217455677105381,-0.24310512062334233,4.443225404237136,1525.630538940325,0.22,-0.08157612524351969
38.872,-0.7056921683016877,0.6181481638071911,-0.24858904502636014,4.380869473891474,1527.3828867298816,0.22,-0.08157612524351969
38.919,-0.6986334851703581,0.6163469201830887,-0.25129551134069694,4.350073440813051,1529.122916106207,0.22,-0.08157612524351969
38.969,-0.6843135195820134,0.6126300323005811,-0.2568015362056888,4.287387586846435,1530.8378711409455,0.22,-0.08157612524351969
39.019,-0.6559585095144342,0.6050224816608731,-0.2675299366823676,4.162375866376485,1532.502821487496,0.22,0.10432721707081648
39.111,-0.6559585095144342,0.6050224816608731,-0.2675299366823676,4.162375866376485,1534.1677718340466,0.22,0.10432721707081648
39.119,-0.6559585095144342,0.6050224816608731,-0.2675299366823676,4.162375866376485,1535.832722180597,0.22,0.10432721707081648
39.169,-0.6418557235423111,0.6011228191207814,-0.27079962665590074,4.130343926425075,1537.484859751167,0.22,0.10432721707081648
39.219,-0.635086473556379,0.59924588414159,-0.2701771069223311,4.067286794605557,1539.1117744690093,0.22,0.10432721707081648
39.269,-0.6210767843905786,0.5953947647177502,-0.2651767398207241,4.00100433398394,1540.712176202603,0.22,0.10432721707081648
39.319,-0.6140993090264174,0.593511820782737,-0.2617435474459546,3.9681904600647138,1542.299452386629,0.22,0.10432721707081648
39.369,-0.5999095636133915,0.5897616058440693,-0.25477953820825294,3.9029916148821746,1543.8606490325817,0.22,0.10432721707081648
39.419,-0.592909171196093,0.5879503142445537,-0.2513531228601549,3.8715753978626846,1545.4092791917267,0.22,0.10432721707081648
39.469,-0.5644121238758566,0.5808397522156039,-0.23742465241803612,3.748679688692722,1546.9087510672039,0.21528101218544168,-0.06332536780249375
39.547,-0.5644121238758566,0.5808397522156039,-0.23742465241803612,3.748679688692722,1548.408222942681,0.21528101218544168,-0.06332536780249375
39.572,-0.5573816990016891,0.5791510022767381,-0.23397039985619483,3.719575340772381,1549.89605307899,0.21528101218544168,-0.06332536780249375
39.619,-0.5504103529701678,0.5774997075157897,-0.23209839621433948,3.6918803439902397,1551.3728052165861,0.21528101218544168,-0.06332536780249375
39.669,-0.5363356641872544,0.5741534526574785,-0.23557633856839266,3.6396740279575077,1552.8286748277692,0.21528101218544168,-0.06332536780249375
39.719,-0.5294147533283501,0.5724851079348796,-0.23765770614859383,3.6141531544056367,1554.2743360895315,0.21528101218544168,-0.06332536780249375
39.769,-0.5153718210522464,0.5690529592922886,-0.24190389208643803,3.5623383117343863,1555.6992714142252,0.21528101218544168,-0.06332536780249375
39.819,-0.5084588857583106,0.5673401465121064,-0.2440011730058158,3.53681542937858,1557.1139975859767,0.21528101218544168,-0.06332536780249375
39.869,-0.4944310046555397,0.5638170273440295,-0.24827180130414073,3.4849973089180697,1558.507996509544,0.21528101218544168,-0.06332536780249375
39.919,-0.47351371370692963,0.5584447519698645,-0.25466621346286367,3.4076755273748764,1559.871066720494,0.19231743212938396,-0.06588088185392335
39.997,-0.47351371370692963,0.5584447519698645,-0.25466621346286367,3.4076755273748764,1561.2341369314438,0.19231743212938396,-0.06588088185392335
40.019,-0.466618617652252,0.5566425822989796,-0.2567590416783878,3.382167784108065,1562.587004045087,0.19231743212938396,-0.06588088185392335
40.069,-0.453038065942543,0.5530401595014005,-0.2631046415484575,3.3330017218106476,1563.9202047338113,0.19231743212938396,-0.06588088185392335
40.119,-0.4466811742739638,0.5513115744618948,-0.26775177990637733,3.310659608450335,1565.2444685771914,0.19231743212938396,-0.06588088185392335
40.169,-0.4342500688363142,0.5478682282607108,-0.2728945917504395,3.264640535866286,1566.5503247915378,0.19231743212938396,-0.06588088185392335
40.219,-0.4281268339529221,0.546147689645339,-0.27508957047690763,3.241739846785138,1567.8470207302519,0.19231743212938396,-0.06588088185392335
40.269,-0.41570100204368177,0.5426120563665018,-0.2795143872209991,3.195214052906489,1569.1251063514144,0.19231743212938396,-0.06588088185392335
40.319,-0.39717692054368625,0.5372303844664574,-0.2861441323654095,3.125792830639495,1570.3754234836701,0.22,0.10456394202308039
40.381,-0.39717692054368625,0.5372303844664574,-0.2861441323654095,3.125792830639495,1571.625740615926,0.22,0.10456394202308039
40.419,-0.3910697086630704,0.5354268211626521,-0.28833859544822804,3.1028934708623015,1572.8668980042708,0.22,0.10456394202308039
40.469,-0.3776429330101132,0.5314463575360178,-0.2857102424491187,3.0485968368758227,1574.0863367390211,0.22,0.10456394202308039
40.519,-0.37069951588177735,0.5294186953493503,-0.28227296114209666,3.019937705520993,1575.2943118212295,0.22,0.10456394202308039
40.569,-0.3565877614577537,0.5253779854174763,-0.2752110591472927,2.9631162343116855,1576.4795583149541,0.22,0.10456394202308039
40.619,-0.3496403596576762,0.5234292206548914,-0.27163166024198504,2.935813630301236,1577.6538837670746,0.22,0.10456394202308039
40.669,-0.33555123599712344,0.5195531134473002,-0.2654080478249572,2.882390440757283,1578.8068399433776,0.22,0.10456394202308039
40.719,-0.3285780964924575,0.5176694927691623,-0.26197939469446374,2.8564138061779016,1579.9494054658487,0.22,0.10456394202308039
40.769,-0.3001805139340465,0.5102638053084105,-0.24799464304014185,2.7553011940005105,1581.051525943449,0.163255016038573,-0.05739459039395599
40.864,-0.3001805139340465,0.5102638053084105,-0.24799464304014185,2.7553011940005105,1582.1536464210492,0.163255016038573,-0.05739459039395599
40.869,-0.2931683461533179,0.508500176973228,-0.24455726819172696,2.731480236429714,1583.2462385156211,0.163255016038573,-0.05739459039395599
40.919,-0.2861488615132517,0.5067603193627375,-0.24112264066318767,2.7080815115919554,1584.329471120258,0.163255016038573,-0.05739459039395599
40.969,-0.2734335999392932,0.5036710674886298,-0.2355483798322151,2.667094415068701,1585.3963088862854,0.163255016038573,-0.05739459039395599
41.019,-0.26806810765484934,0.502384299513339,-0.2360101762152902,2.6514611575939067,1586.4568933493229,0.163255016038573,-0.05739459039395599
41.069,-0.25739908733648453,0.4997980082067828,-0.23984934854833528,2.6217624902353895,1587.505598345417,0.163255016038573,-0.05739459039395599
41.119,-0.2521584830556983,0.4985120484200818,-0.24164626229907826,2.607119440859926,1588.548446121761,0.163255016038573,-0.05739459039395599
41.169,-0.2415821436141757,0.49588425685732673,-0.24621377496519425,2.5779951170852633,1589.579644168595,0.163255016038573,-0.05739459039395599
41.219,-0.22580084832273153,0.49185734167386874,-0.2530209099441181,2.5342420495570632,1590.5933409884178,0.13845618491140876,-0.0660491621590014
41.276,-0.22580084832273153,0.49185734167386874,-0.2530209099441181,2.5342420495570632,1591.6070378082406,0.13845618491140876,-0.0660491621590014
41.319,-0.22057292129075248,0.4905008154513153,-0.25491672490424944,2.519545449826698,1592.6148559881713,0.13845618491140876,-0.0660491621590014
41.369,-0.21043342450688077,0.48789941068446274,-0.24678811317613247,2.4856449484171894,1593.6091139675382,0.13845618491140876,-0.0660491621590014
41.419,-0.20596509140676836,0.48677040162511687,-0.2486806629972269,2.4737179300097147,1594.598601139542,0.13845618491140876,-0.0660491621590014
41.469,-0.19693981736305569,0.48445835498531387,-0.25312762979210945,2.4498578657779286,1595.5785442858532,0.13845618491140876,-0.0660491621590014
41.519,-0.19249714620468483,0.48330451558955634,-0.255321743732684,2.4380768920122033,1596.5537750426581,0.13845618491140876,-0.0660491621590014
41.569,-0.1834825758604372,0.4809312128367209,-0.25978378512199973,2.414101785462688,1597.5194157568433,0.13845618491140876,-0.0660491621590014
41.619,-0.17904528913269321,0.47974715553818337,-0.2619846761278568,2.402266518556207,1598.4803223642657,0.13845618491140876,-0.0660491621590014
41.669,-0.1610545581781216,0.4748391704589041,-0.27086513428328063,2.354028869701252,1599.4219339121462,0.1999899406839398,0.1067054698545179
41.766,-0.15663546848297172,0.4736079745826416,-0.2730001470342298,2.342108886150312,1600.3635454600267,0.1999899406839398,0.1067054698545179
41.771,-0.15663546848297172,0.4736079745826416,-0.2730001470342298,2.342108886150312,1601.3003890144869,0.1999899406839398,0.1067054698545179
41.819,-0.1521736010194927,0.4723503655899781,-0.2740553813337625,2.329411835615094,1602.232153748733,0.1999899406839398,0.1067054698545179
41.869,-0.14277648863394973,0.46969794241832585,-0.2797719597945494,2.3048190463140124,1603.1540813672586,0.1999899406839398,0.1067054698545179
41.919,-0.13785386195141325,0.4682665017789973,-0.28794892065016464,2.2946534350419108,1604.0719427412755,0.1999899406839398,0.1067054698545179
41.969,-0.12700225216235475,0.4649319901568021,-0.30767002187799486,2.272407969128363,1604.9809059289269,0.1999899406839398,0.1067054698545179
42.02,-0.12131254536574924,0.4631081651343689,-0.3124728498269993,2.2570477416833423,1605.8837250256001,0.1999899406839398,0.1067054698545179
42.073,-0.09615867120071234,0.4550837328014574,-0.3019969965644329,2.1714607145861073,1606.7523093114346,0.18688540046740693,0.10800997403923901
42.164,-0.09615867120071234,0.4550837328014574,-0.3019969965644329,2.1714607145861073,1607.620893597269,0.18688540046740693,0.10800997403923901
42.169,-0.0898813355776206,0.45313929328936786,-0.2984873576804121,2.150525548408129,1608.4811038166324,0.18688540046740693,0.10800997403923901
42.219,-0.0835960870110237,0.45121653070110357,-0.2949781956886135,2.129964017474664,1609.3330894236224,0.18688540046740693,0.10800997403923901
42.269,-0.0714972918316218,0.4475896157671875,-0.28713714593938766,2.090924244743658,1610.1694591215198,0.18688540046740693,0.10800997403923901
42.319,-0.06560817112641079,0.4458614170095492,-0.283576918160642,2.072644332409671,1610.9985168544838,0.18688540046740693,0.10800997403923901
42.369,-0.053694327390408185,0.44243458726606066,-0.27677525559296035,2.0369712629953516,1611.8133053596819,0.18688540046740693,0.10800997403923901
42.419,-0.04783480662019125,0.44077851547989644,-0.27381743665609126,2.0201211544279167,1612.621353821453,0.18688540046740693,0.10800997403923901
42.469,-0.03584047253442476,0.4374544878507969,-0.2665745776883186,1.9860108343492262,1613.4157581551929,0.18688540046740693,0.10800997403923901
42.519,-0.017888025655926065,0.43265345989685633,-0.25576201867276116,1.9376243552646397,1614.1908078972988,0.10617225751699517,-0.052504941646196734
42.601,-0.011950496650248308,0.43111121351535475,-0.25219750835471433,1.9376243552646397,1614.9658576394047,0.10617225751699517,-0.052504941646196734
42.62,-0.011950496650248308,0.43111121351535475,-0.25219750835471433,1.9223151817773316,1615.7347837121156,0.10617225751699517,-0.052504941646196734
42.669,-0.0003910665790120061,0.42817390225060903,-0.24492598242749408,1.8933177954862834,1616.4921108303101,0.10617225751699517,-0.052504941646196734
42.719,0.004099369979819184,0.4270600839998191,-0.24077541539430491,1.8817927589518568,1617.244827933891,0.10617225751699517,-0.052504941646196734
42.774,0.007908980035166206,0.42613056027035845,-0.2387416307715351,1.8729326621919449,1617.9940009987677,0.10617225751699517,-0.052504941646196734
42.819,0.014753113617572585,0.42445314558689007,-0.24221507750730864,1.8604905261193412,1618.7381972092153,0.10617225751699517,-0.052504941646196734
42.869,0.021696352240692503,0.4227255467167117,-0.24575841553147315,1.8478368089745203,1619.477331932805,0.10617225751699517,-0.052504941646196734
42.919,0.025113777721778856,0.42186561668079947,-0.24750635325837078,1.8415960821094284,1620.213970365649,0.10617225751699517,-0.052504941646196734
42.969,0.03896240704172044,0.41831567998299657,-0.25464280930552374,1.8162411106898624,1620.9404668099248,0.12516068206899905,-0.005015744658139082
43.041,0.03896240704172044,0.41831567998299657,-0.25464280930552374,1.8162411106898624,1621.6669632542007,0.12516068206899905,-0.005015744658139082
43.073,0.042336232652369014,0.41743847013513924,-0.2568132831476544,1.8102941824839285,1622.3910809271943,0.12516068206899905,-0.005015744658139082
43.119,0.04566779986779716,0.4165813607992441,-0.25971226718703444,1.8049363113256949,1623.1130554517244,0.12516068206899905,-0.005015744658139082
43.169,0.05268915698163992,0.4146939439133288,-0.26746718337596165,1.794025512630417,1623.8306656567765,0.12516068206899905,-0.005015744658139082
43.219,0.05641894663513962,0.4136651403411067,-0.2712441443336042,1.7879449667089629,1624.54584364346,0.12516068206899905,-0.005015744658139082
43.269,0.06440877357979258,0.41143344341401566,-0.27273473924562786,1.7713075117005737,1625.2543666481404,0.12516068206899905,-0.005015744658139082
43.319,0.06838376159743606,0.4103212034406287,-0.2728945164759784,1.762782655902531,1625.9594797105015,0.12516068206899905,-0.005015744658139082
43.369,0.07645612125746191,0.40806047857590655,-0.27322522630244994,1.7456311045217399,1626.6577321523102,0.12516068206899905,-0.005015744658139082
43.419,0.08850844459761556,0.40467990962993916,-0.2737237572681732,1.7204167326390523,1627.3458988453658,0.11458391818464005,-0.006430844869967128
43.477,0.08850844459761556,0.40467990962993916,-0.2737237572681732,1.7204167326390523,1628.0340655384214,0.11458391818464005,-0.006430844869967128
43.519,0.09248670316772055,0.40356261016160855,-0.27389141696395236,1.7121981017538597,1628.718944779123,0.11458391818464005,-0.006430844869967128
43.569,0.10045922107728857,0.4013576368522076,-0.2665880689593496,1.6920407802068156,1629.3957610912057,0.11458391818464005,-0.006430844869967128
43.619,0.10411109634543057,0.40035998794442973,-0.2668058412257084,1.6849056767630446,1630.069723361911,0.11458391818464005,-0.006430844869967128
43.669,0.11152696640581404,0.39833136797920465,-0.26725334233100995,1.670541400384625,1630.737939922065,0.11458391818464005,-0.006430844869967128
43.719,0.11518016927692049,0.3973307039652534,-0.2674762591750157,1.6635269037521585,1631.4033506835658,0.11458391818464005,-0.006430844869967128
43.769,0.12259718107777594,0.3952963502979552,-0.2679358056657912,1.6494117103548305,1632.0631153677077,0.11458391818464005,-0.006430844869967128
43.819,0.13365928491024934,0.39225530817605847,-0.26863449638837245,1.6286715650155,1632.7145839937139,0.10425747830254192,-0.007208797097129354
43.878,0.13365928491024934,0.39225530817605847,-0.26863449638837245,1.6286715650155,1633.36605261972,0.10425747830254192,-0.007208797097129354
43.919,0.13729920063849962,0.3912525426373554,-0.2689723073156205,1.6219826938006159,1634.0148456972402,0.10425747830254192,-0.007208797097129354
43.969,0.14445969887907512,0.3892889462730158,-0.27108161002634823,1.60981268079826,1634.6587707695594,0.10425747830254192,-0.007208797097129354
44.019,0.1478024516309145,0.38835837862576406,-0.27173245870476737,1.6039063963101698,1635.3003333280835,0.10425747830254192,-0.007208797097129354
44.069,0.1545241411781916,0.3864838736116538,-0.27219985394544643,1.5916683163134682,1635.937000654609,0.10425747830254192,-0.007208797097129354
44.119,0.15783448909139905,0.38555940386590515,-0.2724288461741171,1.5856897412688253,1636.5712765511164,0.10425747830254192,-0.007208797097129354
44.169,0.16455556805365962,0.3836799460366931,-0.27288785860135856,1.573649328256695,1637.200736282419,0.10425747830254192,-0.007208797097129354
44.219,0.16786654668397535,0.3827528791121608,-0.2731138973279408,1.5677680430957441,1637.8278434996573,0.10425747830254192,-0.007208797097129354
44.27,0.17790305749218646,0.3799378950842498,-0.27381066424337863,1.5501498189289724,1638.447903427229,0.06190521704442622,-0.05462735147950177
44.331,0.17790305749218646,0.3799378950842498,-0.27381066424337863,1.5501498189289724,1639.0679633548007,0.06190521704442622,-0.05462735147950177
44.369,0.1842630655823507,0.37815210973906566,-0.27113658966758547,1.537458108595438,1639.682946598239,0.06190521704442622,-0.05462735147950177
44.419,0.18657827591525608,0.3775128253470015,-0.2682254844893448,1.5319156965878098,1640.295712876874,0.06190521704442622,-0.05462735147950177
44.469,0.19060893878709284,0.37639820912602606,-0.2718606291153478,1.5269960875413309,1640.9065113118904,0.06190521704442622,-0.05462735147950177
44.519,0.19259239808329132,0.3758438530429007,-0.27366497497994335,1.5245703690315813,1641.5163394595031,0.06190521704442622,-0.05462735147950177
44.569,0.1966174270027839,0.37470701877702606,-0.2773321680756069,1.5196250432583773,1642.1241894768066,0.06190521704442622,-0.05462735147950177
44.619,0.19859891439234229,0.37414150177273253,-0.27914026275168347,1.517179448574452,1642.7310612562364,0.06190521704442622,-0.05462735147950177
44.673,0.20663810036291508,0.37180722547025646,-0.2864937132838834,1.5071840813916835,1643.333934888793,0.057130584902217785,-0.05037806721282213
44.75,0.20663810036291508,0.37180722547025646,-0.2864937132838834,1.5071840813916835,1643.9368085213496,0.057130584902217785,-0.05037806721282213
44.769,0.208616177472122,0.3712230132361387,-0.2883074746234928,1.50470716498804,1644.538691387345,0.057130584902217785,-0.05037806721282213
44.819,0.2104535699239467,0.3706768351126215,-0.2900088681430084,1.5024090095864184,1645.1396549911794,0.057130584902217785,-0.05037806721282213
44.869,0.21233341600829836,0.3701145277337168,-0.2917351002197577,1.5000424846495073,1645.7396719850392,0.057130584902217785,-0.05037806721282213
44.919,0.21598064579177798,0.3690134497534747,-0.29508867901143243,1.495434228826948,1646.33784567657,0.057130584902217785,-0.05037806721282213
44.969,0.2196800200058502,0.36788296330764014,-0.2984942704527387,1.4907368876029885,1646.9341404316112,0.057130584902217785,-0.05037806721282213
45.019,0.2215004948543388,0.3673215854707137,-0.30017029611155666,1.4884161474156046,1647.5295068905775,0.057130584902217785,-0.05037806721282213
45.069,0.22519279579918636,0.36617272903097353,-0.30356964989335,1.483691002476133,1648.122983291568,0.057130584902217785,-0.05037806721282213
45.119,0.23069305160192527,0.3644357886476923,-0.3086317273492041,1.4766072676566169,1648.7136261986307,0.1155256340603912,0.10733334761157315
45.187,0.23069305160192527,0.3644357886476923,-0.3086317273492041,1.4766072676566169,1649.3042691056933,0.1155256340603912,0.10733334761157315
45.219,0.23250495668777219,0.3638568758534346,-0.31029774863773096,1.4742615087522446,1649.8939737091941,0.1155256340603912,0.10733334761157315
45.269,0.23630313222428068,0.36260682322129933,-0.3138547219144938,1.4691810392334563,1650.4816461248874,0.1155256340603912,0.10733334761157315
45.319,0.23816208802325742,0.3620169726771787,-0.31640105179916933,1.4673936908147098,1651.0686036012132,0.1155256340603912,0.10733334761157315
45.369,0.24211660368552967,0.3607254902870478,-0.3251056294361814,1.4655429134996218,1651.654820766613,0.1155256340603912,0.10733334761157315
45.419,0.24433373342776396,0.3599763951455641,-0.3309919159369543,1.4650846723263187,1652.2408546355437,0.1155256340603912,0.10733334761157315
45.469,0.24976119784004186,0.3580742349233019,-0.3449563845093171,1.4635471403193125,1652.8262734916714,0.1155256340603912,0.10733334761157315
45.519,0.2528282109042881,0.35696594185941977,-0.3486650631853525,1.4597362669909357,1653.4101679984678,0.1155256340603912,0.10733334761157315
45.569,0.2633640388717294,0.3531633297507544,-0.34138219835512995,1.4331457971310118,1653.9834263173202,0.11153161075173373,0.11145500766668025
45.629,0.2633640388717294,0.3531633297507544,-0.34138219835512995,1.4331457971310118,1654.5566846361726,0.11153161075173373,0.11145500766668025
45.669,0.2704825964222228,0.35066095128665675,-0.334063640093232,1.414390378172278,1655.1224407874415,0.11153161075173373,0.11145500766668025
45.719,0.27392984461516934,0.34947062374532845,-0.3303826730793409,1.4054874390514305,1655.684635763062,0.11153161075173373,0.11145500766668025
45.769,0.28094397389681114,0.34709235283276363,-0.32291050380729747,1.3879317238878517,1656.2398084526171,0.11153161075173373,0.11145500766668025
45.819,0.2844061029542996,0.3459399319080525,-0.3192309774811759,1.3795396132667188,1656.7916242979238,0.11153161075173373,0.11145500766668025
45.869,0.29145014687907006,0.34363874283036555,-0.31176225416872616,1.363014746980538,1657.336830196716,0.11153161075173373,0.11145500766668025
45.919,0.29492684191738144,0.34252435248945323,-0.30808465149220177,1.3551273150516236,1657.8788811227366,0.11153161075173373,0.11145500766668025
45.969,0.30199963615148717,0.34030065124794007,-0.30062486140233635,1.339624419926526,1658.4147308907072,0.11153161075173373,0.11145500766668025
46.019,0.3125863747149925,0.33707970103128915,-0.28954242045566647,1.3177723033742206,1658.941839812057,0.06670917485753824,-0.00545603699592779
46.078,0.3125863747149925,0.33707970103128915,-0.28954242045566647,1.3177723033742206,1659.4689487334067,0.06670917485753824,-0.00545603699592779
46.119,0.316084269698649,0.3360434395618159,-0.28592928561099207,1.3109167546462988,1659.9933154352652,0.06670917485753824,-0.00545603699592779
46.171,0.3226116346493831,0.3341597170419315,-0.2738564987828276,1.295702813672173,1660.511596560734,0.06670917485753824,-0.00545603699592779
46.219,0.32543447416522664,0.33337685178161114,-0.26580418985042464,1.2879607173554213,1661.0267808476763,0.06670917485753824,-0.00545603699592779
46.269,0.33056020329054975,0.33201176392632403,-0.25461987015179255,1.2764194401302964,1661.5373486237283,0.06670917485753824,-0.00545603699592779
46.319,0.33278645385910105,0.33143312212322606,-0.2539287439544822,1.2737057752819094,1662.0468309338412,0.06670917485753824,-0.00545603699592779
46.369,0.3370832976588606,0.33031759646555536,-0.2540165949625557,1.2692467254247577,1662.5545296240111,0.06670917485753824,-0.00545603699592779
46.419,0.3392096087407507,0.32976545616720876,-0.2541742172901058,1.267120252208764,1663.0613777248946,0.06670917485753824,-0.00545603699592779
46.469,0.34785035505785894,0.3275171657174891,-0.2548873025280147,1.2586423449000586,1663.5648346628545,0.08433608787602748,0.1033758237329597
46.551,0.34785035505785894,0.3275171657174891,-0.2548873025280147,1.2586423449000586,1664.0682916008145,0.08433608787602748,0.1033758237329597
46.576,0.349977637582617,0.3269626985705505,-0.2550476065882177,1.2565796909996545,1664.5709234772144,0.08433608787602748,0.1033758237329597
46.619,0.35233115141742094,0.3263495704905601,-0.25448916061749416,1.2539423947246533,1665.0725004351043,0.08433608787602748,0.1033758237329597
46.669,0.35771687284275694,0.32496541517387967,-0.24779593403042655,1.2453893966297327,1665.5706561937561,0.08433608787602748,0.1033758237329597
46.719,0.3603828479492258,0.32429491029886615,-0.24436439439264146,1.2412616428003735,1666.0671608508762,0.08433608787602748,0.1033758237329597
46.769,0.36580381274743085,0.3229614399705687,-0.23740026155580862,1.2332122306859563,1666.5604457431507,0.08433608787602748,0.1033758237329597
46.823,0.36847786038205266,0.3223183830349641,-0.2339718642856441,1.2294101672917734,1667.0522098100673,0.08433608787602748,0.1033758237329597
46.869,0.37391503692769557,0.32104067495440836,-0.2270146792666614,1.2220192691950058,1667.5410175177453,0.08433608787602748,0.1033758237329597
46.919,0.3820498801976349,0.31920326571486113,-0.21663846458497438,1.2118015837270848,1668.025738151236,0.07095213776025998,0.10327413622676174
46.989,0.3820498801976349,0.31920326571486113,-0.21663846458497438,1.2118015837270848,1668.5104587847268,0.07095213776025998,0.10327413622676174
47.019,0.3847394491083484,0.31861523891692434,-0.21321592133116196,1.2086421775101794,1668.993915655731,0.07095213776025998,0.10327413622676174
47.069,0.38944726259172185,0.31761704083538267,-0.20416046444757208,1.2021565118738853,1669.4747782604804,0.07095213776025998,0.10327413622676174
47.119,0.3917126045586984,0.3171511508964864,-0.20074287941388946,1.1995849933551972,1669.9546122578224,0.07095213776025998,0.10327413622676174
47.169,0.39631782867167403,0.31622885691995073,-0.193808545878684,1.1946364732676271,1670.4324668471295,0.07095213776025998,0.10327413622676174
47.219,0.3985887132635491,0.31578627007814997,-0.1903975829643576,1.192333885638464,1670.9094004013848,0.07095213776025998,0.10327413622676174
47.269,0.403204100312913,0.3149114629759828,-0.1834858866982938,1.1879329122633429,1671.38457356629,0.07095213776025998,0.10327413622676174
47.319,0.4123769569691379,0.3132707013252731,-0.1699174317100245,1.180312011326342,1671.8566983708206,0.054800373303253644,0.09852287026634686
47.406,0.4123769569691379,0.3132707013252731,-0.1699174317100245,1.180312011326342,1672.328823175351,0.054800373303253644,0.09852287026634686
47.419,0.4123769569691379,0.3132707013252731,-0.1699174317100245,1.180312011326342,1672.8009479798816,0.054800373303253644,0.09852287026634686
47.469,0.41667113059122185,0.3125457864888739,-0.16204697895529518,1.1767227409761924,1673.271637076272,0.054800373303253644,0.09852287026634686
47.519,0.41848771117913375,0.3122518515678765,-0.1578223962746883,1.1750520612495066,1673.741657900772,0.054800373303253644,0.09852287026634686
47.569,0.4220358051717251,0.31169668421638264,-0.15168708396457542,1.172671421803496,1674.2107264694935,0.054800373303253644,0.09852287026634686
47.619,0.42379652129363876,0.311429625670131,-0.14849449968211292,1.1715382253468098,1674.6793417596323,0.054800373303253644,0.09852287026634686
47.669,0.42737359652674156,0.3109047347827738,-0.1420078064698378,1.1694319492100462,1675.1471145393164,0.054800373303253644,0.09852287026634686
47.719,0.42913638826726,0.31065477390617313,-0.13881144959423364,1.1684905437804765,1675.6145107568286,0.054800373303253644,0.09852287026634686
47.769,0.4380671816928119,0.3094766182607198,-0.12258597691806594,1.1646879499141525,1676.0803859367943,-0.07334770181317772,-0.08253985758627287
47.901,0.4398336882503901,0.3092610481966125,-0.11936712159818685,1.1641261423552522,1676.5460363937364,-0.07334770181317772,-0.08253985758627287
47.905,0.4398336882503901,0.3092610481966125,-0.11936712159818685,1.1641261423552522,1677.0116868506784,-0.07334770181317772,-0.08253985758627287
47.919,0.4398336882503901,0.3092610481966125,-0.11936712159818685,1.1641261423552522,1677.4773373076205,-0.07334770181317772,-0.08253985758627287
47.969,0.44318115023251314,0.30886823895269977,-0.11638948785887226,1.1639519351428844,1677.9429180816776,-0.07334770181317772,-0.08253985758627287
48.019,0.4442974882103443,0.30873636348100764,-0.12180780558810755,1.1654188208869798,1678.4090856100324,-0.07334770181317772,-0.08253985758627287
48.069,0.44496373234305847,0.30865888825025767,-0.15136839652601553,1.1736082075263725,1678.878528893043,-0.07334770181317772,-0.08253985758627287
48.119,0.44454870920575157,0.3087333966217809,-0.17333695690157147,1.180832357380616,1679.3508618359954,-0.07334770181317772,-0.08253985758627287
48.169,0.44292690453040073,0.3090683569469066,-0.2149736317001798,1.1976303977418519,1679.829913995092,-0.07334770181317772,-0.08253985758627287
48.219,0.436419082531353,0.31070996663999395,-0.25911474931310896,1.2230089026033648,1680.3191175561335,0.055786316589055376,0.10182278576687098
48.305,0.436419082531353,0.31070996663999395,-0.25911474931310896,1.2230089026033648,1680.808321117175,0.055786316589055376,0.10182278576687098
48.319,0.436419082531353,0.31070996663999395,-0.25911474931310896,1.2230089026033648,1681.2975246782164,0.055786316589055376,0.10182278576687098
48.369,0.4320495866002439,0.311884309777017,-0.2664980445958174,1.2304062799056987,1681.7896871901787,0.055786316589055376,0.10182278576687098
48.419,0.4306934719786655,0.31226076489539345,-0.27449517985047867,1.235912323496746,1682.2840521195774,0.055786316589055376,0.10182278576687098
48.469,0.4298852956593582,0.312497961084959,-0.2998143806153466,1.251239787070463,1682.7845480344056,0.055786316589055376,0.10182278576687098
48.519,0.43027373035751015,0.31237849813082286,-0.31481626171867894,1.2600480226229762,1683.2885672434547,0.055786316589055376,0.10182278576687098
48.569,0.43187935929115323,0.3118384452920444,-0.3360168649913291,1.2718592741619317,1683.7973109531194,0.055786316589055376,0.10182278576687098
48.619,0.4330421417262234,0.31143065768240175,-0.3408653197220268,1.2736052081449671,1684.3067530363774,0.055786316589055376,0.10182278576687098
48.669,0.44124762190454764,0.3085446743742559,-0.33069405865171464,1.2560561851111185,1684.8091755104217,0.07780443075504796,0.11180108741524938
48.77,0.44124762190454764,0.3085446743742559,-0.33069405865171464,1.2560561851111185,1685.311597984466,0.07780443075504796,0.11180108741524938
48.775,0.44124762190454764,0.3085446743742559,-0.33069405865171464,1.2560561851111185,1685.8140204585104,0.07780443075504796,0.11180108741524938
48.819,0.44296189527071117,0.30795856089117035,-0.3273645573918731,1.2517675463598044,1686.3147274770542,0.07780443075504796,0.11180108741524938
48.869,0.4470799626052996,0.30658432044418826,-0.31502097258093187,1.2390581615512395,1686.8103507416747,0.07780443075504796,0.11180108741524938
48.919,0.4492843055636489,0.3058722987032394,-0.30889469851025386,1.2328509531335878,1687.303491122928,0.07780443075504796,0.11180108741524938
48.969,0.45378317836165594,0.3044640827577225,-0.29656564882087766,1.2208541339195675,1687.791832776496,0.07780443075504796,0.11180108741524938
49.019,0.4560211269659855,0.3037861337192902,-0.29067556953337026,1.2153077053640213,1688.2779558586417,0.07780443075504796,0.11180108741524938
49.069,0.4657409178100703,0.3009715779867157,-0.27374704484833834,1.1976909546439016,1688.7570322404993,0.0669787411607503,0.1068811110866865
49.139,0.4657409178100703,0.3009715779867157,-0.27374704484833834,1.1976909546439016,1689.2361086223568,0.0669787411607503,0.1068811110866865
49.169,0.46817955722168,0.30029075772969627,-0.2700183737352022,1.1938474117336428,1689.7136475870502,0.0669787411607503,0.1068811110866865
49.219,0.4703298315626526,0.29969811848964767,-0.2663578657901655,1.190346285388394,1690.1897861012055,0.0669787411607503,0.1068811110866865
49.269,0.4745713022653361,0.29855680426790965,-0.2588132776247758,1.1835638873553653,1690.6632116561477,0.0669787411607503,0.1068811110866865
49.319,0.47667644174264273,0.2980025507705424,-0.2552417324750922,1.1804239747668106,1691.1353812460545,0.0669787411607503,0.1068811110866865
49.37,0.4809574357483961,0.29690015533226566,-0.2479926475920866,1.1743174306246402,1691.6051082183044,0.0669787411607503,0.1068811110866865
49.419,0.48306921046603496,0.29636851673663234,-0.24442542114968058,1.1714426257311923,1692.0736852685968,0.0669787411607503,0.1068811110866865
49.469,0.48736282027075944,0.29531223036380494,-0.23719399219557236,1.165876642540392,1692.540035925613,0.0669787411607503,0.1068811110866865
49.519,0.49378489086371086,0.2937936267430499,-0.22644166443875235,1.1582462969874245,1693.003334444408,0.04894829623986618,0.10175448110591512
49.58,0.49378489086371086,0.2937936267430499,-0.22644166443875235,1.1582462969874245,1693.466632963203,0.04894829623986618,0.10175448110591512
49.619,0.4959066408342461,0.2933080684282352,-0.22291884969450604,1.1559124400236507,1693.9289979392124,0.04894829623986618,0.10175448110591512
49.669,0.4995025323840601,0.2925140248850524,-0.2098398285249763,1.149180081038011,1694.3886699716277,0.04894829623986618,0.10175448110591512
49.719,0.5011506643925123,0.2921661298948608,-0.20507290318842486,1.1468173586205923,1694.847396915076,0.04894829623986618,0.10175448110591512
49.769,0.5042658009782519,0.29152767819116554,-0.19877907393903316,1.1436809897876155,1695.304869310991,0.04894829623986618,0.10175448110591512
49.819,0.5057905833481382,0.2912222070479549,-0.19583759447731897,1.1422802163931316,1695.7617813975482,0.04894829623986618,0.10175448110591512
49.869,0.5089424150461651,0.2906061794824861,-0.1891132874709358,1.1393057328651572,1696.2175036906942,0.04894829623986618,0.10175448110591512
49.919,0.5104981871919821,0.290310275408854,-0.18577969259928584,1.1379230533882319,1696.6726729120496,0.04894829623986618,0.10175448110591512
49.969,0.5168264458088027,0.2891618072122861,-0.17226334702360036,1.1329297433178858,1697.1258448093768,-0.060846731998894774,-0.07488627785166205
50.059,0.5168264458088027,0.2891618072122861,-0.17226334702360036,1.1329297433178858,1697.579016706704,-0.060846731998894774,-0.07488627785166205
50.069,0.5183877734859185,0.2888920079578732,-0.16893648485436552,1.1318513422339558,1698.0317572435974,-0.060846731998894774,-0.07488627785166205
50.119,0.5194945408673478,0.2887037808962214,-0.16458333464594466,1.1304609830718895,1698.483941636826,-0.060846731998894774,-0.07488627785166205
50.169,0.5190440215413251,0.28876598115390606,-0.14971787079082288,1.1256800558497093,1698.934213659166,-0.060846731998894774,-0.07488627785166205
50.219,0.5177681493912947,0.28895117444455254,-0.14243182783899244,1.123298494234505,1699.38353305686,-0.060846731998894774,-0.07488627785166205
50.27,0.5142949290070264,0.28944009544610894,-0.14011330187824234,1.1218866998840924,1699.8322877368137,-0.060846731998894774,-0.07488627785166205
50.319,0.5123303400391226,0.28972044185869894,-0.1425707220918211,1.1221881324303837,1700.2811629897858,-0.060846731998894774,-0.07488627785166205
50.369,0.5083400418980655,0.2903049927416401,-0.14759776956172255,1.1229645878837595,1700.7303488249393,-0.060846731998894774,-0.07488627785166205
50.419,0.5004887537745494,0.29151425232710393,-0.15665568095430493,1.1248355881283627,1701.1802830601905,-0.08445594566162244,-0.08165914850660701
50.512,0.5004887537745494,0.29151425232710393,-0.15665568095430493,1.1248355881283627,1701.6302172954418,-0.08445594566162244,-0.08165914850660701
50.519,0.5004887537745494,0.29151425232710393,-0.15665568095430493,1.1248355881283627,1702.080151530693,-0.08445594566162244,-0.08165914850660701
50.569,0.4965211715173901,0.29214048720052244,-0.15412613560742439,1.1237487820598657,1702.5296510435169,-0.08445594566162244,-0.08165914850660701
50.619,0.4943254695565604,0.2924749122045731,-0.14915446012705602,1.1220204655188348,1702.9784592297244,-0.08445594566162244,-0.08165914850660701
50.669,0.48967761103385216,0.29315179898194166,-0.14168791981485485,1.1192394018327685,1703.4261549904575,-0.08445594566162244,-0.08165914850660701
50.719,0.48720639089874423,0.2935023248062141,-0.1405738700621153,1.1185672269433444,1703.8735818812347,-0.08445594566162244,-0.08165914850660701
50.769,0.4817412773909831,0.2942859769365398,-0.14467679291842273,1.1190483949663927,1704.3212012392212,-0.08445594566162244,-0.08165914850660701
50.819,0.4707285606341349,0.2959533683761515,-0.15535654389509834,1.1216049960596144,1704.769843237645,0.024280554250994398,0.09525899603715034
50.902,0.4707285606341349,0.2959533683761515,-0.15535654389509834,1.1216049960596144,1705.218485236069,0.024280554250994398,0.09525899603715034
50.919,0.4707285606341349,0.2959533683761515,-0.15535654389509834,1.1216049960596144,1705.667127234493,0.024280554250994398,0.09525899603715034
50.97,0.46791647782782725,0.2963985533776399,-0.1581014676754149,1.1224629287474963,1706.116112405992,0.024280554250994398,0.09525899603715034
51.019,0.4636401080510328,0.29706960536221905,-0.1485494006738013,1.1195325785347645,1706.563925437406,0.024280554250994398,0.09525899603715034
51.07,0.46153157213786833,0.29735082449989614,-0.11582269456916139,1.1106014169649938,1707.008166004192,0.024280554250994398,0.09525899603715034
51.119,0.4609981653551912,0.2974037617918115,-0.09794964076437229,1.1066034158659275,1707.4508073705383,0.024280554250994398,0.09525899603715034
51.169,0.46048624900154034,0.29744057128709755,-0.06812232060542134,1.1013971705601262,1707.8913662387624,0.024280554250994398,0.09525899603715034
51.219,0.46048598043229527,0.2974378021990045,-0.05627425387257046,1.0999065915933481,1708.3313288753998,0.024280554250994398,0.09525899603715034
51.269,0.4626176953801155,0.29736677679917256,-0.020276974461074015,1.0986962872113935,1708.7708073902843,-0.12738520683397606,-0.08628242764749147
51.38,0.4626176953801155,0.29736677679917256,-0.020276974461074015,1.0986962872113935,1709.2102859051688,-0.12738520683397606,-0.08628242764749147
51.382,0.4626176953801155,0.29736677679917256,-0.020276974461074015,1.0986962872113935,1709.6497644200533,-0.12738520683397606,-0.08628242764749147
51.419,0.4633890774037151,0.29735151444004915,-0.017089826130363805,1.0992007306121399,1710.0894447122982,-0.12738520683397606,-0.08628242764749147
51.471,0.46382617189678205,0.2973437889176671,-0.017275478887248452,1.0995664479863485,1710.5292712914927,-0.12738520683397606,-0.08628242764749147
51.519,0.4633242276782218,0.29735616009705645,-0.021875050538814333,1.0993547172663591,1710.9690131783993,-0.12738520683397606,-0.08628242764749147
51.569,0.4610978550256503,0.2974389629601122,-0.04563952675448446,1.0993935651794988,1711.408770604471,-0.12738520683397606,-0.08628242764749147
51.619,0.4594353640155632,0.2975385567656377,-0.0667966208895987,1.1008345698921678,1711.849104432428,-0.12738520683397606,-0.08628242764749147
51.669,0.4550741478979285,0.29796155755970166,-0.11784763909963503,1.1087914439604176,1712.2926210100122,-0.12738520683397606,-0.08628242764749147
51.719,0.44310935522301215,0.29988892819869295,-0.1823490304794808,1.1289307621645683,1712.744193314878,-0.09007920472188317,-0.08388044341451316
51.811,0.44310935522301215,0.29988892819869295,-0.1823490304794808,1.1289307621645683,1713.1957656197437,-0.09007920472188317,-0.08388044341451316
51.819,0.44310935522301215,0.29988892819869295,-0.1823490304794808,1.1289307621645683,1713.6473379246095,-0.09007920472188317,-0.08388044341451316
51.869,0.43537933900430786,0.3013501734556463,-0.18977978755523806,1.1336908070138205,1714.100814247415,-0.09007920472188317,-0.08388044341451316
51.921,0.43244110240171,0.3019201051771898,-0.19274591009228415,1.1357137920057627,1714.5550997642172,-0.09007920472188317,-0.08388044341451316
51.969,0.42657130592546655,0.3030845254309893,-0.19842195805069984,1.1399366480329116,1715.0110744234303,-0.09007920472188317,-0.08388044341451316
52.019,0.42368230137235907,0.30367034499335444,-0.20121103364858528,1.1421493568419396,1715.467934166167,-0.09007920472188317,-0.08388044341451316
52.069,0.4178216702553268,0.3048845598826002,-0.20685385939220113,1.1469094158284678,1715.9266979324984,-0.09007920472188317,-0.08388044341451316
52.119,0.4149381637852924,0.3054948545549063,-0.20961573824518953,1.1493834990808196,1716.3864513321307,-0.09007920472188317,-0.08388044341451316
52.169,0.40350608472519256,0.3079815154178911,-0.21697834715514275,1.1584229019354386,1716.8498204929049,0.05773800664253811,0.10007692136635356
52.249,0.40350608472519256,0.3079815154178911,-0.21697834715514275,1.1584229019354386,1717.313189653679,0.05773800664253811,0.10007692136635356
52.271,0.40068538172656715,0.3086065783294276,-0.21889022423615234,1.1608419072774894,1717.77752641659,0.05773800664253811,0.10007692136635356
52.319,0.3981893779436615,0.3091654047672314,-0.22246017742868496,1.1638757862976223,1718.243076731109,0.05773800664253811,0.10007692136635356
52.369,0.39634900763832864,0.3095884491159455,-0.22816668476798907,1.1676026501540666,1718.7101177911707,0.05773800664253811,0.10007692136635356
52.419,0.3948683168371001,0.3099462147217764,-0.24526781767226424,1.1767438502310548,1719.1808153312631,0.05773800664253811,0.10007692136635356
52.477,0.39561836608494094,0.3097521763337503,-0.27306132400820626,1.1905404856877804,1719.6570315255383,0.05773800664253811,0.10007692136635356
52.519,0.3962746864089276,0.30956720412850824,-0.28652857100715257,1.1974507878113096,1720.1360118406628,0.05773800664253811,0.10007692136635356
52.569,0.4013834160135696,0.3078663413848206,-0.3506021779527231,1.2318473754126642,1720.628750790828,0.07578384079730721,0.10573304659238453
52.707,0.4013834160135696,0.3078663413848206,-0.3506021779527231,1.2318473754126642,1721.1214897409932,0.07578384079730721,0.10573304659238453
52.707,0.4013834160135696,0.3078663413848206,-0.3506021779527231,1.2318473754126642,1721.6142286911584,0.07578384079730721,0.10573304659238453
52.719,0.4013834160135696,0.3078663413848206,-0.3506021779527231,1.2318473754126642,1722.1069676413235,0.07578384079730721,0.10573304659238453
52.769,0.40403322531764674,0.30688210645821257,-0.3637217771210266,1.237302650954955,1722.6018887017055,0.07578384079730721,0.10573304659238453
52.819,0.40566771766655796,0.3062553148840972,-0.37035892761583855,1.2396552113691233,1723.0977507862533,0.07578384079730721,0.10573304659238453
52.869,0.40950376268920363,0.3047508784881907,-0.3758731152845318,1.2377049098435544,1723.5928327501906,0.07578384079730721,0.10573304659238453
52.919,0.4117096879068434,0.30388182853510504,-0.37378716161961845,1.232663366446391,1724.0858980967691,0.07578384079730721,0.10573304659238453
52.969,0.41638309373940835,0.30206580608119293,-0.3667640877219873,1.2203282888293512,1724.574029412301,0.07578384079730721,0.10573304659238453
53.019,0.42570249224167933,0.29855643272050947,-0.3528242691281751,1.197067011974569,1725.0528562170907,0.07798015598260895,0.11448696770837363
53.113,0.42570249224167933,0.29855643272050947,-0.3528242691281751,1.197067011974569,1725.5316830218806,0.07798015598260895,0.11448696770837363
53.119,0.42570249224167933,0.29855643272050947,-0.3528242691281751,1.197067011974569,1726.0105098266704,0.07798015598260895,0.11448696770837363
53.169,0.43048179572771256,0.29681408345260984,-0.3455351818746659,1.185695139724243,1726.48478788256,0.07798015598260895,0.11448696770837363
53.219,0.4328755025711535,0.2959564580210925,-0.3417881785816439,1.1801026101882932,1726.9568289266354,0.07798015598260895,0.11448696770837363
53.269,0.4377455956124169,0.29424271064017304,-0.33417256826552033,1.1690802395080093,1727.4244610224387,0.07798015598260895,0.11448696770837363
53.319,0.44014903568570346,0.29341228077135506,-0.3304157260730485,1.1638133907259194,1727.889986378729,0.07798015598260895,0.11448696770837363
53.369,0.44503789311460984,0.29175420184199363,-0.3227729704775275,1.1534462597033652,1728.3513648826104,0.07798015598260895,0.11448696770837363
53.419,0.4474501845498363,0.29095143617780606,-0.3189999066365945,1.148499990227118,1728.8107648787013,0.07798015598260895,0.11448696770837363
53.469,0.45726199898828446,0.2877909239188452,-0.303484551239638,1.1294275674605116,1729.2625359056856,0.06529174479573048,0.10993620833200621
53.549,0.45726199898828446,0.2877909239188452,-0.303484551239638,1.1294275674605116,1729.7143069326698,0.06529174479573048,0.10993620833200621
53.569,0.45965137381735965,0.2870473115618537,-0.29925523885686545,1.1247946741843449,1730.1642248023436,0.06529174479573048,0.10993620833200621
53.619,0.46187455870320465,0.2863634647618891,-0.2968502005326692,1.121488489037903,1730.6128201979589,0.06529174479573048,0.10993620833200621
53.669,0.466030006562017,0.28510546052216257,-0.28986593570087726,1.1140574638914829,1731.0584431835155,0.06529174479573048,0.10993620833200621
53.719,0.4680624888548209,0.2845023443672867,-0.28619710386839214,1.1104071152404464,1731.5026060296116,0.06529174479573048,0.10993620833200621
53.769,0.47015870725943526,0.2838887569573627,-0.2824251661859103,1.106741447774968,1731.9453026087215,0.06529174479573048,0.10993620833200621
53.819,0.4742286912865243,0.2827218877097446,-0.27517425468176815,1.0999303799806104,1732.3852747607136,0.06529174479573048,0.10993620833200621
53.869,0.47824824159066454,0.28159909264298233,-0.26956203719624927,1.0943655622554642,1732.8230209856158,0.06529174479573048,0.10993620833200621
53.919,0.4841137046999669,0.2799959828643226,-0.26328421402924973,1.0876621606369068,1733.2580858498707,0.05287356343169507,0.10483167701157582
53.99,0.4841137046999669,0.2799959828643226,-0.26328421402924973,1.0876621606369068,1733.6931507141255,0.05287356343169507,0.10483167701157582
54.019,0.4861389399075992,0.27945269404213224,-0.2599479346872706,1.0848420797167175,1734.1270875460123,0.05287356343169507,0.10483167701157582
54.069,0.4895886393714538,0.2785475204532879,-0.2523235800470929,1.0792514363561216,1734.5587881205547,0.05287356343169507,0.10483167701157582
54.119,0.49124483249793494,0.2781226996969126,-0.2488666412501408,1.076778451450041,1734.9894995011348,0.05287356343169507,0.10483167701157582
54.169,0.49461250228189946,0.27727765009360317,-0.2418501590400235,1.071961979255553,1735.418284292837,0.05287356343169507,0.10483167701157582
54.219,0.49627373009110853,0.27687002930695015,-0.2383946738296796,1.0696897669732162,1735.8461601996262,0.05287356343169507,0.10483167701157582
54.273,0.499651600470605,0.27605991282130415,-0.23137940400425472,1.0652789051192617,1736.272271761674,0.05287356343169507,0.10483167701157582
54.319,0.5047056250797304,0.2748944261577708,-0.22090982263976633,1.0591983730519556,1736.6959511108946,-0.03328628494652931,-0.06013477294643119
54.399,0.5047056250797304,0.2748944261577708,-0.22090982263976633,1.0591983730519556,1737.1196304601153,-0.03328628494652931,-0.06013477294643119
54.419,0.5063766499718644,0.2745213087338003,-0.21745522880242496,1.057323577659428,1737.542559891179,-0.03328628494652931,-0.06013477294643119
54.469,0.5092419744267533,0.27389548014125986,-0.21032419851647077,1.0537509974177666,1737.964060290146,-0.03328628494652931,-0.06013477294643119
54.519,0.5093545062115815,0.2738702002432789,-0.20657567363255325,1.052164387747724,1738.3849260452453,-0.03328628494652931,-0.06013477294643119
54.569,0.507514733599433,0.27425334605111185,-0.20664516835804903,1.052422408628539,1738.8058950086968,-0.03328628494652931,-0.06013477294643119
54.619,0.5064563374053243,0.2744768628381187,-0.2086308302055946,1.0534003273448453,1739.2272551396347,-0.03328628494652931,-0.06013477294643119
54.669,0.5043083359413832,0.27493723927173264,-0.21266142422649947,1.05545663443763,1739.6494377934098,-0.03328628494652931,-0.06013477294643119
54.724,0.5011045713921441,0.2756407350083456,-0.21867522594120214,1.0587027938699505,1740.0729189109577,-0.04886867904259805,-0.06609167933183607
54.776,0.5011045713921441,0.2756407350083456,-0.21867522594120214,1.0587027938699505,1740.4964000285056,-0.04886867904259805,-0.06609167933183607
54.819,0.5000479259500764,0.2758771873458805,-0.22065926663349278,1.0598206651769444,1740.9203282945764,-0.04886867904259805,-0.06609167933183607
54.869,0.49761970250966514,0.27641519800986836,-0.21718088288406068,1.058846521124455,1741.343866903026,-0.04886867904259805,-0.06609167933183607
54.919,0.49606695547196406,0.2767600463376081,-0.21928377206379368,1.060129029489699,1741.767918514822,-0.04886867904259805,-0.06609167933183607
54.969,0.49290555098049627,0.2774731320729231,-0.22370346166564525,1.0629125111721578,1742.193083519291,-0.04886867904259805,-0.06609167933183607
55.019,0.49134940035938923,0.277829528621899,-0.22587773716603876,1.0643374551234477,1742.6188185013402,-0.04886867904259805,-0.06609167933183607
55.072,0.48819215575263514,0.2785635538089377,-0.2302846025749432,1.067339114228154,1743.0457541470314,-0.04886867904259805,-0.06609167933183607
55.119,0.48663826137011473,0.27893020108353284,-0.23245080664926632,1.0688707457062234,1743.473302445314,-0.04886867904259805,-0.06609167933183607
55.169,0.48033784646227834,0.2804531385872815,-0.24120450826776696,1.0754436909872838,1743.9034799217088,0.04448304033685439,0.10023626414358938
55.238,0.48033784646227834,0.2804531385872815,-0.24120450826776696,1.0754436909872838,1744.3336573981037,0.04448304033685439,0.10023626414358938
55.27,0.47878979408552014,0.28083624871752844,-0.2433370676217772,1.0771425813365552,1744.7645144306384,0.04448304033685439,0.10023626414358938
55.319,0.47744890186101596,0.2811734049180432,-0.24643580907780338,1.0792728982161806,1745.196223589925,0.04448304033685439,0.10023626414358938
55.369,0.4759796708058793,0.2815563075462977,-0.25842755192268174,1.0860809898042774,1745.6306559858467,0.04448304033685439,0.10023626414358938
55.419,0.4759099218604795,0.2815777042743379,-0.26685660010490153,1.09056273418886,1746.0668810795223,0.04448304033685439,0.10023626414358938
55.469,0.4767463021324929,0.28134408970829017,-0.2858566283307842,1.1005460166955146,1746.5070994862006,0.04448304033685439,0.10023626414358938
55.519,0.4774666854460688,0.2811314008988044,-0.29214843570496685,1.103673789908957,1746.948569002164,0.04448304033685439,0.10023626414358938
55.569,0.4806366878529922,0.2801659589655927,-0.2966440867204878,1.1039389855276287,1747.3901445963752,0.05866532765762223,0.10531282815576905
55.627,0.4806366878529922,0.2801659589655927,-0.2966440867204878,1.1039389855276287,1747.8317201905863,0.05866532765762223,0.10531282815576905
55.669,0.4835245124903183,0.2792913869769944,-0.2905022941701876,1.0982243254924746,1748.2710099207834,0.05866532765762223,0.10531282815576905
55.719,0.48525248506288,0.27877673232441924,-0.2876550556902826,1.095380070178689,1748.709161948855,0.05866532765762223,0.10531282815576905
55.778,0.4889577670120252,0.2776928093522508,-0.2806036659645845,1.0889510789336052,1749.1447423804284,0.05866532765762223,0.10531282815576905
55.819,0.4907860112170993,0.2771684217471322,-0.2771299738658466,1.0858952713592367,1749.579100488972,0.05866532765762223,0.10531282815576905
55.869,0.4945043565767595,0.27612305744158006,-0.2700769879559146,1.0799155666055953,1750.0110667156143,0.05866532765762223,0.10531282815576905
55.919,0.49633891767033855,0.2756176999385007,-0.2666030720561956,1.0770806844178584,1750.4418989893816,0.05866532765762223,0.10531282815576905
55.969,0.5000699005839986,0.27461104493199895,-0.2595502733110564,1.0715485098323778,1750.8705183933146,0.05866532765762223,0.10531282815576905
56.019,0.5056538487855224,0.2731569742611888,-0.24902541343090112,1.0638467972013208,1751.296057112195,0.046855850675755484,0.10257187258637548
56.085,0.5056538487855224,0.2731569742611888,-0.24902541343090112,1.0638467972013208,1751.7215958310755,0.046855850675755484,0.10257187258637548
56.119,0.5075004974886286,0.27268987817830026,-0.24555284482114081,1.061450651159923,1752.1461760915395,0.046855850675755484,0.10257187258637548
56.17,0.5103305671954924,0.2719887308288622,-0.23904191951977638,1.0573570240807248,1752.5691189011718,0.046855850675755484,0.10257187258637548
56.219,0.5118045131612755,0.27163129527646035,-0.23566047336157347,1.055315324132927,1752.991245030825,0.046855850675755484,0.10257187258637548
56.269,0.5148015256161944,0.27092074601411764,-0.22879585809946845,1.0513486616686938,1753.4117844954924,0.046855850675755484,0.10257187258637548
56.319,0.5162798362415233,0.2705782468525364,-0.22541515220153996,1.0494827368495387,1753.8315775902322,0.046855850675755484,0.10257187258637548
56.369,0.5192855847993313,0.2698980680785592,-0.21855203637328158,1.0458721827086774,1754.2499264633157,0.046855850675755484,0.10257187258637548
56.419,0.5207681298549455,0.2695705497549541,-0.215172040235041,1.0441812649234092,1754.667598969285,0.046855850675755484,0.10257187258637548
56.469,0.5252689747184236,0.2686083303419118,-0.20493092621523057,1.0394085316118722,1755.0833623819299,0.02427253232846083,0.10679313391961047
56.533,0.5268020399931855,0.26829155904450097,-0.20144939008765395,1.0394085316118722,1755.4991257945746,0.02427253232846083,0.10679313391961047
56.569,0.5282913248465808,0.26798915401879375,-0.19807060539892252,1.0365055553483389,1755.913728016714,0.02427253232846083,0.10679313391961047
56.619,0.5293757690279877,0.26777275623684926,-0.1941601900504617,1.0349593740611958,1756.3277117663386,0.02427253232846083,0.10679313391961047
56.669,0.5309147871300487,0.267474019764647,-0.1869880807335087,1.032258566020334,1756.7406151927466,0.02427253232846083,0.10679313391961047
56.719,0.5316749811967165,0.2673306605000918,-0.18347038007322292,1.0309964864288952,1757.1530137873183,0.02427253232846083,0.10679313391961047
56.769,0.5332200618502225,0.2670478033920014,-0.17633114075334055,1.0285615985238599,1757.5644384267277,0.02427253232846083,0.10679313391961047
56.819,0.533981833274626,0.2669125353313573,-0.17281652529647706,1.0274251648530088,1757.975408492669,0.02427253232846083,0.10679313391961047
56.869,0.5355298962648739,0.26664613721012453,-0.16568493257637873,1.0252453915671114,1758.3855066492958,0.02427253232846083,0.10679313391961047
56.92,0.5386080350176143,0.2661500851616898,-0.1515478337878169,1.0214240396270629,1758.7940762651467,0.013853185433423251,0.0966363649163615
57.004,0.5386080350176143,0.2661500851616898,-0.1515478337878169,1.0214240396270629,1759.2026458809976,0.013853185433423251,0.0966363649163615
57.019,0.5386080350176143,0.2661500851616898,-0.1515478337878169,1.0214240396270629,1759.6112154968484,0.013853185433423251,0.0966363649163615
57.069,0.5399364508379488,0.26594992243445015,-0.1440346793056564,1.0195709722150645,1760.0190438857344,0.013853185433423251,0.0966363649163615
57.119,0.540363434716843,0.26588789623451303,-0.14088171881277622,1.0188040339147777,1760.4265654993003,0.013853185433423251,0.0966363649163615
57.169,0.5412327886863051,0.2657657806083251,-0.13445831451078516,1.0173264713137598,1760.8334960878258,0.013853185433423251,0.0966363649163615
57.219,0.5416611002486681,0.2657077083829942,-0.13129728131208984,1.0166415865439664,1761.2401527224433,0.013853185433423251,0.0966363649163615
57.269,0.5425308865280644,0.26559402029459367,-0.12488539548145372,1.0153379610039368,1761.646287906845,0.013853185433423251,0.0966363649163615
57.319,0.5429593110822224,0.2655401081783959,-0.12173098359219758,1.0147387363711473,1762.0521834013934,0.013853185433423251,0.0966363649163615
57.369,0.5450705312307883,0.2652945965098785,-0.10661141918257933,1.01228010808973,1762.4570954446294,-0.10575097509591261,-0.07678142042523539
57.488,0.5450705312307883,0.2652945965098785,-0.10661141918257933,1.01228010808973,1762.8620074878654,-0.10575097509591261,-0.07678142042523539
57.49,0.5450705312307883,0.2652945965098785,-0.10661141918257933,1.01228010808973,1763.2669195311014,-0.10575097509591261,-0.07678142042523539
57.519,0.5454239133551115,0.26525671076687907,-0.10453461949398668,1.0120259580009943,1763.6717299143017,-0.10575097509591261,-0.07678142042523539
57.573,0.5452824456687603,0.2652674057441602,-0.0913583294028657,1.0093472554081562,1764.075468816465,-0.10575097509591261,-0.07678142042523539
57.619,0.544635250176773,0.2653196180526316,-0.07786046614285369,1.0066348051590417,1764.4781227385286,-0.10575097509591261,-0.07678142042523539
57.674,0.5418793347364883,0.2654656889156617,-0.03731731811497063,0.9997461155604217,1764.8780211847527,-0.10575097509591261,-0.07678142042523539
57.719,0.540023286831386,0.2655108083644775,-0.017228538319325137,0.9968818664363767,1765.2767739313272,-0.10575097509591261,-0.07678142042523539
57.769,0.5354779577347998,0.2655051233728907,0.012654534352718239,0.991826485832055,1765.67350452566,-0.10575097509591261,-0.07678142042523539
57.819,0.5226817804692405,0.2652377645662416,0.018916770212973777,0.9770648053507559,1766.0643304478003,-0.16863480018963894,-0.07817545400999011
57.926,0.5226817804692405,0.2652377645662416,0.018916770212973777,0.9770648053507559,1766.4551563699406,-0.16863480018963894,-0.07817545400999011
57.927,0.5226817804692405,0.2652377645662416,0.018916770212973777,0.9770648053507559,1766.8459822920809,-0.16863480018963894,-0.07817545400999011
57.969,0.5153199188332743,0.265114160664931,0.017066877315503604,0.9687010788983433,1767.2334627236403,-0.16863480018963894,-0.07817545400999011
58.019,0.5108044216140838,0.265029372654787,0.019854727673084938,0.9637210510493707,1767.61895114406,-0.16863480018963894,-0.07817545400999011
58.069,0.49974741389976385,0.2648165213937119,0.017081130460031346,0.9513171427479573,1767.999478001159,-0.16863480018963894,-0.07817545400999011
58.119,0.4942028093069512,0.2647296056990782,0.014519545653525423,0.9452648752687619,1768.3775839512666,-0.16863480018963894,-0.07817545400999011
58.169,0.4829448106509513,0.26459756929206746,0.009301734445578136,0.9334409491510838,1768.750960330927,-0.16863480018963894,-0.07817545400999011
58.223,0.460620338918727,0.26450887260864997,-0.0009660435133662659,0.9118214667526628,1769.1156889176282,-0.15585614072700987,-0.07856664790710234
58.326,0.460620338918727,0.26450887260864997,-0.0009660435133662659,0.9118214667526628,1769.4804175043294,-0.15585614072700987,-0.07856664790710234
58.327,0.460620338918727,0.26450887260864997,-0.0009660435133662659,0.9118214667526628,1769.8451460910305,-0.15585614072700987,-0.07856664790710234
58.37,0.4497808750467211,0.2645397746863589,-0.005022408248525068,0.9021409840535044,1770.206002484652,-0.15585614072700987,-0.07856664790710234
58.419,0.4446993137399831,0.26457090632234115,-0.00715476435053608,0.8977863150159737,1770.5651170106582,-0.15585614072700987,-0.07856664790710234
58.469,0.4343128849982346,0.26467397513658364,-0.01241418715990128,0.8893049252643398,1770.920838980764,-0.15585614072700987,-0.07856664790710234
58.519,0.4291960497804975,0.2647448322982673,-0.015001123955239448,0.8853325451534804,1771.2749719988255,-0.15585614072700987,-0.07856664790710234
58.569,0.41880510784356806,0.26492943733543295,-0.02024654910589674,0.8776837087752511,1771.6260454823357,-0.15585614072700987,-0.07856664790710234
58.619,0.4136861950965859,0.26504041339320294,-0.022826621903575983,0.8741215299974184,1771.9756940943346,-0.15585614072700987,-0.07856664790710234
58.669,0.39289494635278255,0.2656267529229155,-0.033278281578586144,0.8610496015780954,1772.3201139349658,-0.12800709497496826,-0.07881706582065198
58.745,0.39289494635278255,0.2656267529229155,-0.033278281578586144,0.8610496015780954,1772.664533775597,-0.12800709497496826,-0.07881706582065198
58.769,0.38777398879775626,0.2658045121333543,-0.03585017029364934,0.8581742878027111,1773.007803490718,-0.12800709497496826,-0.07881706582065198
58.819,0.38296486767681337,0.2659811787793951,-0.036416856013343546,0.8554481519253812,1773.3499827514881,-0.12800709497496826,-0.07881706582065198
58.869,0.3741048295568174,0.26630628889318575,-0.03796348734183308,0.8505860449094981,1773.690217169452,-0.12800709497496826,-0.07881706582065198
58.919,0.3698860513678539,0.26647187555386687,-0.04034869547353148,0.8485163128348736,1774.0296236945858,-0.12800709497496826,-0.07881706582065198
58.969,0.3613625134439186,0.2668390972655841,-0.045510277965306045,0.8446850898181041,1774.367497730513,-0.12800709497496826,-0.07881706582065198
59.019,0.3572119654107628,0.26703361537684245,-0.04751873837777176,0.8429279361419094,1774.7046689049696,-0.12800709497496826,-0.07881706582065198
59.069,0.34034397949998085,0.2679012751093979,-0.05605278679261794,0.836686871341515,1775.0393436535062,-0.10553562765770805,-0.07899110614517829
59.157,0.34034397949998085,0.2679012751093979,-0.05605278679261794,0.836686871341515,1775.3740184020428,-0.10553562765770805,-0.07899110614517829
59.169,0.336154882109734,0.2681425295373412,-0.058656071702999135,0.8354448009806754,1775.708196322435,-0.10553562765770805,-0.07899110614517829
59.22,0.3324313143424679,0.2683656370084828,-0.06095048360856259,0.834426691477266,1776.0419669990258,-0.10553562765770805,-0.07899110614517829
59.269,0.3254453292249134,0.26881046369788386,-0.06601888282692148,0.8328638091387405,1776.3751125226813,-0.10553562765770805,-0.07899110614517829
59.319,0.3219963190979498,0.2690437155031651,-0.0686250362622669,0.8322362336321065,1776.7080070161342,-0.10553562765770805,-0.07899110614517829
59.369,0.31499381829367784,0.2695450624051776,-0.07391263696169226,0.8312295901359723,1777.0404988521886,-0.10553562765770805,-0.07899110614517829
59.419,0.3115449064586422,0.2698056651243912,-0.0765149967545995,0.8308657428008316,1777.372845149309,-0.10553562765770805,-0.07899110614517829
59.469,0.3045429134722445,0.27036250324766065,-0.08179440379609271,0.8303955422619345,1777.7050033662138,-0.10553562765770805,-0.07899110614517829
59.519,0.28364639837466543,0.27224540573609013,-0.09752246239152451,0.8311415194259091,1778.0374599739841,-0.07621938622347586,-0.07778179437176284
59.693,0.28019969901587444,0.2725877916064108,-0.10011473997199616,0.8311415194259091,1778.3699165817545,-0.07621938622347586,-0.07778179437176284
59.743,0.2769636818262127,0.2729177883253755,-0.1017587216228717,0.8319049103211973,1778.702678545883,-0.07621938622347586,-0.07778179437176284
59.794,0.27430483221649393,0.27319055588920893,-0.10266219317896041,0.832113465156183,1779.0355239319454,-0.07621938622347586,-0.07778179437176284
59.843,0.2692648072159951,0.2737242179074888,-0.10782587970079294,0.8333794314289811,1779.368875704517,-0.07621938622347586,-0.07778179437176284
59.893,0.2667850843373841,0.2739963737165896,-0.11037754476978767,0.8340976117127218,1779.702514749202,-0.07621938622347586,-0.07778179437176284
59.943,0.25692977789196686,0.2750741804918191,-0.11805725316440685,0.8366084735247988,1780.0371581386119,-0.05651092547415575,-0.07363115657041738
60.03,0.25692977789196686,0.2750741804918191,-0.11805725316440685,0.8366084735247988,1780.3718015280217,-0.05651092547415575,-0.07363115657041738
60.043,0.2545194174497564,0.2753456124988274,-0.1188994714602265,0.8370692813960288,1780.70662924058,-0.05651092547415575,-0.07363115657041738
60.093,0.2523187687270915,0.2756053168508761,-0.11883563358388649,0.8373695756259572,1781.0415770708305,-0.05651092547415575,-0.07363115657041738
60.143,0.24845532476877757,0.2760704406675396,-0.12179942867469773,0.8387140313351366,1781.3770626833646,-0.05651092547415575,-0.07363115657041738
60.193,0.2466310467320694,0.2762966759721057,-0.12423432207450968,0.839659571525817,1781.712926511975,-0.05651092547415575,-0.07363115657041738
60.243,0.24292947470776005,0.27676955608940146,-0.12917740921094634,0.841715404511484,1782.0496126737796,-0.05651092547415575,-0.07363115657041738
60.293,0.24110756594237928,0.277009140009733,-0.13161416875664078,0.8427957842614787,1782.3867309874843,-0.05651092547415575,-0.07363115657041738
60.343,0.23189680044297922,0.2782897258282213,-0.14397578723155635,0.8489568683801032,1782.7263137348364,-0.037813177780993766,-0.07072580335125841
60.447,0.23189680044297922,0.2782897258282213,-0.14397578723155635,0.8489568683801032,1783.0658964821885,-0.037813177780993766,-0.07072580335125841
60.452,0.23189680044297922,0.2782897258282213,-0.14397578723155635,0.8489568683801032,1783.4054792295406,-0.037813177780993766,-0.07072580335125841
60.493,0.23007798192894371,0.27855633890501985,-0.14642082484368402,0.8503112751580829,1783.745603739604,-0.037813177780993766,-0.07072580335125841
60.543,0.22754001401362836,0.27893414684392637,-0.14912669228553188,0.8520558110848366,1784.0864260640378,-0.037813177780993766,-0.07072580335125841
60.593,0.22633121782850418,0.27911783396489964,-0.15147547358814117,0.8532382916350583,1784.4277213806918,-0.037813177780993766,-0.07072580335125841
60.643,0.2238776918580616,0.2794996096496716,-0.15624387930160188,0.8557336886740947,1784.7700148561614,-0.037813177780993766,-0.07072580335125841
60.693,0.22266959894019384,0.27969199853327176,-0.15859218450260082,0.8570093717128506,1785.1128186048466,-0.037813177780993766,-0.07072580335125841
60.743,0.22021757202042608,0.2800914360892708,-0.16335917749786377,0.8596941256048507,1785.4566962550884,-0.037813177780993766,-0.07072580335125841
60.793,0.21655985703787653,0.280709609768252,-0.170471934819995,0.8639377024039813,1785.8022713360501,-0.01975842035981572,-0.06648750791348719
60.847,0.21655985703787653,0.280709609768252,-0.170471934819995,0.8639377024039813,1786.1478464170118,-0.01975842035981572,-0.06648750791348719
60.893,0.2153533758131236,0.28091938548771234,-0.1728185314928219,0.8654003327293832,1786.4940065501034,-0.01975842035981572,-0.06648750791348719
60.943,0.21408942813554868,0.28114176522336143,-0.17495746205117912,0.8668513182958728,1786.8407470774218,-0.01975842035981572,-0.06648750791348719
60.993,0.21346894971760663,0.28125274191786964,-0.17716344803533257,0.8679869281765039,1787.1879418486924,-0.01975842035981572,-0.06648750791348719
61.043,0.2122096331381239,0.28148232681580887,-0.181642057446892,0.8703497685265754,1787.536081756103,-0.01975842035981572,-0.06648750791348719
61.093,0.21158960330070514,0.2815975063160223,-0.18384787098290678,0.8715417555239195,1787.8846984583124,-0.01975842035981572,-0.06648750791348719
61.143,0.21033124070869116,0.28183561882981056,-0.18832619243988602,0.8740191459887852,1788.234306116708,-0.01975842035981572,-0.06648750791348719
61.193,0.2097116958921148,0.2819549973933373,-0.1905318495562074,0.8752675866400246,1788.584413151364,-0.01975842035981572,-0.06648750791348719
61.243,0.20721646743979566,0.2824501684526364,-0.19942073553533968,0.8804882707289104,1788.9366084596556,0.07833817046885316,0.09148679598793966
61.314,0.20721646743979566,0.2824501684526364,-0.19942073553533968,0.8804882707289104,1789.2888037679472,0.07833817046885316,0.09148679598793966
61.343,0.20657904748355552,0.2825803635900994,-0.2016928999768095,0.8818715476273962,1789.6415523869982,0.07833817046885316,0.09148679598793966
61.393,0.20648169949912681,0.28260065411560054,-0.20337133956556808,0.8826258910503942,1789.9946027434185,0.07833817046885316,0.09148679598793966
61.452,0.20724052849424454,0.28244405037917675,-0.20544015578886388,0.8829007102070757,1790.3477630275013,0.07833817046885316,0.09148679598793966
61.493,0.21105197781842433,0.28163564427522125,-0.21103398212811197,0.8822646402171067,1790.7006688835882,0.07833817046885316,0.09148679598793966
61.543,0.21612125592160716,0.2805631670792912,-0.20516698956104928,0.8759587980822992,1791.0510524028211,0.07833817046885316,0.09148679598793966
61.593,0.21862913474162227,0.28004443706117765,-0.20216488641239794,0.8729182071451271,1791.4002196856793,0.07833817046885316,0.09148679598793966
61.643,0.22372701878723059,0.2790141335363914,-0.19607182326235262,0.8669868059434774,1791.7470144080567,0.07833817046885316,0.09148679598793966
61.693,0.2338693488949881,0.27706007162077895,-0.18397464737201297,0.8561643760933337,1792.089480158494,0.07468113715684348,0.09359364553604349
61.81,0.23638960409654883,0.2765942027971431,-0.18096719852760623,0.8536727020777243,1792.4309492393252,0.07468113715684348,0.09359364553604349
61.814,0.23638960409654883,0.2765942027971431,-0.18096719852760623,0.8536727020777243,1792.7724183201562,0.07468113715684348,0.09359364553604349
61.843,0.23898733903928449,0.27612221129372805,-0.17786653116850637,0.8511862068283771,1793.1128928028877,0.07468113715684348,0.09359364553604349
61.893,0.24140410814890825,0.2756906447238445,-0.17484377994956324,0.8488996067007117,1793.452452645568,0.07468113715684348,0.09359364553604349
61.943,0.24628458026585165,0.274842527963832,-0.16858591342773344,0.8444614564584878,1793.7902372281515,0.07468113715684348,0.09359364553604349
61.993,0.2486898345411423,0.2744361004183795,-0.16551144396893802,0.8423924040172525,1794.1271941897583,0.07468113715684348,0.09359364553604349
62.043,0.253581291339833,0.27363312456869293,-0.1594462573474238,0.8384774489119364,1794.4625851693231,0.07468113715684348,0.09359364553604349
62.093,0.26527730353387413,0.2718254732209242,-0.1493434687763211,0.8329577572763451,1794.7957682722335,-0.025795219216140426,-0.06724363790417517
62.202,0.26527730353387413,0.2718254732209242,-0.1493434687763211,0.831566398354141,1795.1283948315752,-0.025795219216140426,-0.06724363790417517
62.204,0.26527730353387413,0.2718254732209242,-0.1493434687763211,0.831566398354141,1795.4610213909168,-0.025795219216140426,-0.06724363790417517
62.246,0.26775390505950714,0.27145592549195285,-0.14619235627841753,0.8299475535557779,1795.793000412339,-0.025795219216140426,-0.06724363790417517
62.293,0.26989654762248155,0.2711414179313911,-0.14346391087964516,0.8286027253218703,1796.1244415024678,-0.025795219216140426,-0.06724363790417517
62.343,0.2725970374014516,0.2707501949763458,-0.14050138539536539,0.8271064648953579,1796.455284088426,-0.025795219216140426,-0.06724363790417517
62.393,0.2731167859344467,0.27067448807759864,-0.14049217151201376,0.8269776139760243,1796.7860751340163,-0.025795219216140426,-0.06724363790417517
62.443,0.2727625214301116,0.27072232314258127,-0.1406945616349431,0.8271001152477228,1797.1169151801155,-0.025795219216140426,-0.06724363790417517
62.493,0.27209206827236754,0.2708169219734864,-0.14075923677389302,0.8272653086258377,1797.447821303566,-0.025795219216140426,-0.06724363790417517
62.543,0.26793900334457676,0.2714300484879597,-0.15153431343934143,0.8305710954719061,1797.7800497417547,-0.04437966291393879,-0.06887873593019374
62.635,0.26793900334457676,0.2714300484879597,-0.15153431343934143,0.8314966698845793,1798.1126484097085,-0.04437966291393879,-0.06887873593019374
62.644,0.26793900334457676,0.2714300484879597,-0.15153431343934143,0.8314966698845793,1798.4452470776623,-0.04437966291393879,-0.06887873593019374
62.693,0.2671144545865518,0.2715573330126215,-0.15372016996976967,0.8324138736338842,1798.7782126271159,-0.04437966291393879,-0.06887873593019374
62.743,0.2651842850070833,0.27185543353868646,-0.15518453498640583,0.8334587123587368,1799.1115961120593,-0.04437966291393879,-0.06887873593019374
62.793,0.2641242049575674,0.2720196402332973,-0.15363886702833485,0.8333133438327421,1799.4449214495924,-0.04437966291393879,-0.06887873593019374
62.843,0.26195930761929737,0.27236262774055353,-0.14847891283465553,0.8324826763023364,1799.7779145201132,-0.04437966291393879,-0.06887873593019374
62.893,0.26092058057204714,0.27252262741012667,-0.14606940497968401,0.8321016449423604,1800.1107551780901,-0.04437966291393879,-0.06887873593019374
62.943,0.25885076825080183,0.2728251508480082,-0.14166620185079193,0.8314086623232438,1800.4433186430194,-0.04437966291393879,-0.06887873593019374
62.993,0.253932947550955,0.27351314108824654,-0.13966727948584579,0.8320832742904839,1800.7761519527357,-0.040360659146280085,-0.06816635646814248
63.098,0.25250685389352046,0.2737158889011091,-0.14193694844532478,0.8320832742904839,1801.108985262452,-0.040360659146280085,-0.06816635646814248
63.101,0.25250685389352046,0.2737158889011091,-0.14193694844532478,0.8331096869664174,1801.4422291372387,-0.040360659146280085,-0.06816635646814248
63.143,0.2511593728436347,0.27391050011500195,-0.14417611713413714,0.8341374040515892,1801.7758840988593,-0.040360659146280085,-0.06816635646814248
63.193,0.24986649312263806,0.27410030184269485,-0.1464256320130295,0.8351834847983847,1802.1099574927787,-0.040360659146280085,-0.06816635646814248
63.243,0.24857402194327977,0.27429301183439847,-0.14867478188604055,0.8362597985657745,1802.4444614122049,-0.040360659146280085,-0.06816635646814248
63.293,0.24595158817761495,0.27469316886105566,-0.15324798447110544,0.8385404986608317,1802.7798776116692,-0.040360659146280085,-0.06816635646814248
63.343,0.24333119296475855,0.27510530016483425,-0.1578317160230085,0.8409501818402556,1803.1162576844054,-0.040360659146280085,-0.06816635646814248
63.393,0.2420412687075525,0.2753127041859631,-0.16009295820214153,0.8421845818853504,1803.4531315171596,-0.040360659146280085,-0.06816635646814248
63.443,0.2381351255595616,0.2759590554093596,-0.1669571722313241,0.8461170380090083,1803.791578332363,0.06132186293363461,0.09189845000551389
63.493,0.2381351255595616,0.2759590554093596,-0.1669571722313241,0.8461170380090083,1804.1300251475666,0.06132186293363461,0.09189845000551389
63.546,0.23599699427583593,0.2763235127016088,-0.16991921643460084,0.8481139581385394,1804.469270730822,0.06132186293363461,0.09189845000551389
63.595,0.23600800581594755,0.27632089938124405,-0.16907476495476836,0.8478184493023264,1804.8083981105428,0.06132186293363461,0.09189845000551389
63.644,0.23666407193262212,0.27620806201255776,-0.1681401904335018,0.8471899417900732,1805.147274087259,0.06132186293363461,0.09189845000551389
63.693,0.23977366737871467,0.27568338131499615,-0.1650768965767555,0.844755060684347,1805.4851761115326,0.06132186293363461,0.09189845000551389
63.743,0.24378327384039514,0.2750263975777214,-0.15893466236758536,0.8410857051520282,1805.8216103935933,0.06132186293363461,0.09189845000551389
63.793,0.24575905950778226,0.27471195837813034,-0.1559066599626664,0.8393710027103403,1806.1573587946775,0.06132186293363461,0.09189845000551389
63.843,0.255768747351479,0.2732134841494065,-0.14062396952253198,0.8316488321365986,1806.4900183275322,-0.027153137585300496,-0.06681025892203667
63.941,0.255768747351479,0.2732134841494065,-0.14062396952253198,0.8316488321365986,1806.8226778603869,-0.027153137585300496,-0.06681025892203667
63.944,0.255768747351479,0.2732134841494065,-0.14062396952253198,0.8316488321365986,1807.1553373932416,-0.027153137585300496,-0.06681025892203667
63.993,0.25775544466548883,0.2729345215947059,-0.13770503138123202,0.8303330757037197,1807.487470623523,-0.027153137585300496,-0.06681025892203667
64.043,0.2615214071284585,0.272437105407801,-0.1355763044144802,0.8289941447349494,1807.819068281417,-0.027153137585300496,-0.06681025892203667
64.093,0.2631792639430126,0.2722302958477507,-0.1371672919325464,0.829171530719233,1808.1507368937048,-0.027153137585300496,-0.06681025892203667
64.143,0.2660666151109805,0.2718473294150834,-0.143349610315193,0.8303502595552609,1808.482876997527,-0.027153137585300496,-0.06681025892203667
64.195,0.267218128738547,0.271686409600701,-0.14674712376124277,0.8310752982759271,1808.8153071168374,-0.027153137585300496,-0.06681025892203667
64.243,0.2688903530040236,0.2714440695579303,-0.1547558782350933,0.8330702327686486,1809.1485352099448,-0.027153137585300496,-0.06681025892203667
64.293,0.26912023840972693,0.2714253211692168,-0.17750821425764873,0.8406519185687724,1809.4847959773724,-0.03120784381873566,-0.06571663933471401
64.397,0.2686305120508665,0.27151665777342715,-0.18391349931742162,0.8406519185687724,1809.8210567448,-0.03120784381873566,-0.06571663933471401
64.402,0.2686305120508665,0.27151665777342715,-0.18391349931742162,0.8431994817204136,1810.1583365374881,-0.03120784381873566,-0.06571663933471401
64.443,0.267982815046098,0.2716403628239956,-0.18887019952436046,0.8453716085799227,1810.4964851809202,-0.03120784381873566,-0.06571663933471401
