System,CarLike
Controller,N_CTRL
dt,0.1
state_init,[-3.   -3.    1.57]
Nactor,6
pred_step_size_multiplier,5.0
buffer_size,25
run_obj_struct,quadratic
R1_diag,"[100, 100, 10, 0, 0]"
R2_diag,"[1, 10, 1, 0, 0]"
Ncritic,25
gamma,0.9
critic_period_multiplier,1.0
critic_struct,quad-mix
actor_struct,quad-nomix
t [s],x [m],y [m],alpha [rad],run_obj,accum_obj,v [m/s],omega [rad/s]
0.0001,-3.0,-3.0,1.57,1,0.1,-0.22000000000000003,-0.284
0.0011,-3.00000015344779,-3.00019994785827,1.5700583628145701,1,0.2,-0.22000000000000003,-0.284
0.0111,-3.0000010705944966,-3.0023999476292973,1.5707005210035356,1,0.30000000000000004,-0.22000000000000003,-0.284
0.0611,-2.999984465121445,-3.01339993037053,1.5739113119483632,1,0.4,-0.22000000000000003,-0.284
0.1111,-2.999932541149693,-3.024399803094808,1.5771221028931908,1,0.5,4.259881385720589,-5.904773677627364
0.16110000000000002,-3.0021290321782472,-2.9253970038446755,1.6085148684236854,1,0.6,2.2,-2.84
0.2111,-3.0081568035126,-2.8155676575004303,1.6427339064770978,1,0.7,4.120246180567564,-6.885030383134765
0.2611,-3.0179385672791197,-2.7060088310952546,1.6769529445305102,1,0.7999999999999999,2.2,-2.84
0.3111,-3.031462870711858,-2.5968487992048113,1.7111719825839227,1,0.8999999999999999,2.2,-2.84
0.3611,-3.048713879173471,-2.4882153694848546,1.745391020637335,1,0.9999999999999999,3.9352092755030963,-8.521135804753849
0.41109999999999997,-3.0696713946948604,-2.3802357330304096,1.7796100586907475,1,1.0999999999999999,2.2,-2.84
0.46109999999999995,-3.094310879623528,-2.273036315456836,1.81382909674416,1,1.2,2.2,-2.84
0.5111,-3.122603485352953,-2.16674262887714,1.8480481347975726,1,1.3,3.8007138995893692,-10.262992937318138
0.5611,-3.1545160860993597,-2.061479124948837,1.8822671728509852,1,1.4000000000000001,2.2,-2.84
0.6111000000000001,-3.1900113176863196,-1.9573690491624294,1.9164862109043979,1,1.5000000000000002,3.7426549135053637,-11.469653182165564
0.6611000000000001,-3.2290476212917896,-1.8545342965420968,1.9507052489578105,1,1.6000000000000003,2.2,-2.84
0.7111000000000002,-3.2715792921063556,-1.7530952689275499,1.9849242870112231,1,1.7000000000000004,3.711680763006873,-12.699166426847896
0.7611000000000002,-3.317556532845719,-1.6531707340041486,2.019143325064636,1,1.8000000000000005,2.2,-2.84
0.8111000000000003,-3.3669255120547654,-1.5548776862463334,2.0533623631180484,1,1.9000000000000006,-3.708615917416091,-13.937635018968255
0.8611000000000003,-3.326097607394265,-1.635347564629108,2.0253811705431226,1,2.0000000000000004,-2.2,-2.84
0.9111000000000004,-3.279497951389565,-1.734983358427858,1.99116213248971,1,2.1000000000000005,3.7101582267054276,-12.811072298005003
0.9611000000000004,-3.3173933961416373,-1.6530916348353721,2.019143325064636,1,2.2000000000000006,2.2,-2.84
1.0111000000000003,-3.366762375350684,-1.5547985870775571,2.0533623631180484,1,2.3000000000000007,2.2,-2.84
1.0611000000000004,-3.419465290430876,-1.458252110768406,2.087581401171461,1,2.400000000000001,-3.717424120412147,-14.555646915704376
1.1111000000000004,-3.3759082225266375,-1.537278061958449,2.0596002085965353,1,2.500000000000001,-2.2,-2.84
1.1611000000000005,-3.3259270709383673,-1.6352612433294056,2.0253811705431226,1,2.600000000000001,3.706193494022661,-13.430328705754231
1.2111000000000005,-3.366602040318404,-1.5547139529228466,2.0533623631180484,1,2.700000000000001,2.2,-2.84
1.2611000000000006,-3.419304955398596,-1.4581674766136956,2.087581401171461,1,2.800000000000001,-3.7172434367239586,-14.555689159139247
1.3111000000000006,-3.3757478874943576,-1.5371934278037385,2.0596002085965353,1,2.9000000000000012,-2.2,-2.84
1.3611000000000006,-3.3257667359060874,-1.635176609174695,2.0253811705431226,1,3.0000000000000013,3.706012267228953,-13.43034345780173
1.4111000000000007,-3.366441705286124,-1.5546293187681361,2.0533623631180484,1,3.1000000000000014,2.2,-2.84
1.4611000000000007,-3.4191446203663163,-1.4580828424589851,2.087581401171461,1,3.2000000000000015,-3.7170627530959437,-14.555731406680959
1.5111000000000008,-3.3755875524620778,-1.537108793649028,2.0596002085965353,1,3.3000000000000016,-2.2,-2.84
1.5611000000000008,-3.3256064008738075,-1.6350919750199846,2.0253811705431226,1,3.4000000000000017,3.7058310404425607,-13.43035821129207
1.6111000000000009,-3.3662813702538443,-1.5545446846134257,2.0533623631180484,1,3.5000000000000018,2.2,-2.84
1.661100000000001,-3.4189842853340364,-1.4579982083042746,2.087581401171461,1,3.600000000000002,-3.71688206952811,-14.555773658330114
1.711100000000001,-3.375427217429798,-1.5370241594943175,2.0596002085965353,1,3.700000000000002,-2.2,-2.84
1.761100000000001,-3.3254460658415277,-1.635007340865274,2.0253811705431226,1,3.800000000000002,3.705649813663486,-13.430372966225464
1.811100000000001,-3.3661210352215645,-1.5544600504587152,2.0533623631180484,1,3.900000000000002,2.2,-2.84
1.861100000000001,-3.4188239503017566,-1.4579135741495641,2.087581401171461,1,4.000000000000002,-3.7167013860204676,-14.555815914087308
1.9111000000000011,-3.375266882397518,-1.536939525339607,2.0596002085965353,1,4.100000000000001,-2.2,-2.84
1.9611000000000012,-3.325285730809248,-1.6349227067105636,2.0253811705431226,1,4.200000000000001,3.705468586891729,-13.430387722602124
2.011100000000001,-3.3659607001892846,-1.5543754163040047,2.0533623631180484,1,4.300000000000001,2.2,-2.84
2.061100000000001,-3.4186636152694767,-1.457828939994854,2.0875814011714606,1,4.4,2.2,-2.84
2.111100000000001,-3.474638760155772,-1.3631420744821465,2.121800439224873,1,4.5,-3.732461765216133,-15.170661661762836
2.1611000000000007,-3.4284035268560378,-1.4406315726585093,2.093819246649947,1,4.6,-2.2,-2.84
2.2111000000000005,-3.3750993990314884,-1.5368474201189324,2.059600208596535,1,4.699999999999999,-2.2,-2.84
2.2611000000000003,-3.3251182474432186,-1.6348306014898886,2.0253811705431226,1,4.799999999999999,3.7052776488473373,-13.430412541997752
2.3111,-3.365793216823255,-1.5542833110833298,2.0533623631180484,1,4.899999999999999,2.2,-2.84
2.3611,-3.418496131903447,-1.4577368347741793,2.0875814011714606,1,4.999999999999998,2.2,-2.84
2.4111,-3.4744712767897425,-1.3630499692614717,2.121800439224873,1,5.099999999999998,-3.7322722130011687,-15.170730801238244
2.4610999999999996,-3.428236043490008,-1.4405394674378345,2.093819246649947,1,5.1999999999999975,-2.2,-2.84
2.5110999999999994,-3.3749319156654587,-1.5367553148982576,2.059600208596535,1,5.299999999999997,-2.2,-2.84
2.5610999999999993,-3.324950764077189,-1.6347384962692137,2.0253811705431226,1,5.399999999999997,3.70508671082365,-13.430437363951464
2.611099999999999,-3.3656257334572253,-1.554191205862655,2.0533623631180484,1,5.4999999999999964,2.2,-2.84
2.661099999999999,-3.4183286485374174,-1.4576447295535044,2.0875814011714606,1,5.599999999999996,2.2,-2.84
2.7110999999999987,-3.474303793423713,-1.3629578640407969,2.121800439224873,1,5.699999999999996,-3.7320826609480466,-15.170799947736832
2.7610999999999986,-3.4280685601239784,-1.4404473622171596,2.093819246649947,1,5.799999999999995,-2.2,-2.84
2.8110999999999984,-3.374764432299429,-1.5366632096775827,2.059600208596535,1,5.899999999999995,-2.2,-2.84
2.861099999999998,-3.3247832807111593,-1.634646391048539,2.0253811705431226,1,5.999999999999995,3.70489577282067,-13.430462188463657
2.911099999999998,-3.3654582500911956,-1.5540991006419802,2.0533623631180484,1,6.099999999999994,2.2,-2.84
2.961099999999998,-3.4181611651713877,-1.4575526243328296,2.0875814011714606,1,6.199999999999994,2.2,-2.84
3.0110999999999977,-3.474136310057683,-1.362865758820122,2.121800439224873,1,6.299999999999994,-3.731893109056791,-15.170869101259656
3.0610999999999975,-3.4279010767579488,-1.4403552569964848,2.093819246649947,1,6.399999999999993,-2.2,-2.84
3.1110999999999973,-3.3745969489333993,-1.536571104456908,2.059600208596535,1,6.499999999999993,-2.2,-2.84
3.161099999999997,-3.3246157973451296,-1.634554285827864,2.0253811705431226,1,6.5999999999999925,3.704704834838402,-13.43048701553473
3.211099999999997,-3.365290766725166,-1.5540069954213054,2.0533623631180484,1,6.699999999999992,2.2,-2.84
3.261099999999997,-3.417993681805358,-1.4574605191121548,2.0875814011714606,1,6.799999999999992,2.2,-2.84
3.3110999999999966,-3.4739688266916535,-1.3627736535994472,2.121800439224873,1,6.8999999999999915,-3.7317035573274264,-15.170938261807784
3.3610999999999964,-3.427733593391919,-1.44026315177581,2.093819246649947,1,6.999999999999991,-2.2,-2.84
3.4110999999999962,-3.3744294655673697,-1.536478999236233,2.059600208596535,1,7.099999999999991,-2.2,-2.84
3.461099999999996,-3.3244483139791,-1.6344621806071893,2.0253811705431226,1,7.19999999999999,3.7045138968768474,-13.430511845165073
3.511099999999996,-3.3651232833591362,-1.5539148902006306,2.0533623631180484,1,7.29999999999999,2.2,-2.84
3.5610999999999957,-3.4178261984393283,-1.45736841389148,2.0875814011714606,1,7.39999999999999,2.2,-2.84
3.6110999999999955,-3.473801343325624,-1.3626815483787724,2.121800439224873,1,7.499999999999989,-3.731514005759978,-15.17100742938228
3.6610999999999954,-3.4275661100258894,-1.4401710465551352,2.093819246649947,1,7.599999999999989,-2.2,-2.84
3.711099999999995,-3.37426198220134,-1.5363868940155583,2.059600208596535,1,7.699999999999989,-2.2,-2.84
3.761099999999995,-3.3242808306130702,-1.6343700753865145,2.0253811705431226,1,7.799999999999988,3.7043229589360114,-13.430536677355084
3.811099999999995,-3.3649557999931066,-1.5538227849799557,2.0533623631180484,1,7.899999999999988,2.2,-2.84
3.8610999999999946,-3.4176587150732987,-1.4572763086708052,2.0875814011714606,1,7.999999999999988,2.2,-2.84
3.9110999999999945,-3.473633859959594,-1.3625894431580976,2.121800439224873,1,8.099999999999987,-3.7313244543544704,-15.171076603984211
3.9610999999999943,-3.4273986266598597,-1.4400789413344603,2.093819246649947,1,8.199999999999987,-2.2,-2.84
4.011099999999995,-3.3740944988353094,-1.5362947887948843,2.0596002085965344,1,8.299999999999986,-3.707386595049,-14.050069664107559
4.061099999999994,-3.3241133472470397,-1.6342779701658405,2.025381170543122,1,8.399999999999986,-2.2,-2.84
4.111099999999994,-3.2775136912423397,-1.73391376396459,1.9911621324897097,1,8.499999999999986,-2.2,-2.84
4.161099999999994,-3.2343500910177374,-1.835085513782976,1.9569430944362973,1,8.599999999999985,3.7186770973240706,-12.19360475311431
4.211099999999994,-3.269421642082276,-1.7519452381529732,1.9849242870112231,1,8.699999999999985,2.2,-2.84
4.261099999999994,-3.3153988828216394,-1.6520207032295724,2.0191433250646353,1,8.799999999999985,2.2,-2.84
4.3110999999999935,-3.3647678620306856,-1.5537276554717576,2.0533623631180475,1,8.899999999999984,-3.7061749004509106,-13.938030111077303
4.361099999999993,-3.323939957370185,-1.634197533854532,2.0253811705431217,1,8.999999999999984,-2.2,-2.84
4.411099999999993,-3.277340301365485,-1.7338333276532816,1.9911621324897093,1,9.099999999999984,-2.2,-2.84
4.461099999999993,-3.2341767011408833,-1.8350050774716673,1.9569430944362969,1,9.199999999999983,3.7184865965267813,-12.193560691774824
4.511099999999993,-3.269248252205422,-1.7518648018416645,1.9849242870112227,1,9.299999999999983,2.2,-2.84
4.561099999999993,-3.3152254929447853,-1.6519402669182635,2.019143325064635,1,9.399999999999983,2.2,-2.84
4.611099999999992,-3.3645944721538315,-1.5536472191604485,2.053362363118047,1,9.499999999999982,-3.705983761925181,-13.938031065798462
4.661099999999992,-3.323766567493331,-1.6341170975432229,2.0253811705431213,1,9.599999999999982,-2.2,-2.84
4.711099999999992,-3.277166911488631,-1.7337528913419726,1.9911621324897089,1,9.699999999999982,-2.2,-2.84
4.761099999999992,-3.234003311264029,-1.8349246411603586,1.9569430944362964,1,9.799999999999981,3.718296095794978,-12.193516625920516
4.811099999999992,-3.269074862328568,-1.7517843655303558,1.9849242870112223,1,9.89999999999998,2.2,-2.84
4.8610999999999915,-3.3150521030679307,-1.6518598306069547,2.0191433250646345,1,9.99999999999998,2.2,-2.84
4.911099999999991,-3.364421082276977,-1.5535667828491397,2.0533623631180467,1,10.09999999999998,-3.7057926233994816,-13.938032020618104
4.961099999999991,-3.3235931776164764,-1.6340366612319142,2.025381170543121,1,10.19999999999998,-2.2,-2.84
5.011099999999991,-3.2769935216117765,-1.733672455030664,1.9911621324897084,1,10.29999999999998,-2.2,-2.84
5.061099999999991,-3.2338299213871746,-1.8348442048490499,1.956943094436296,1,10.399999999999979,3.7181055951286703,-12.193472555550699
5.111099999999991,-3.2689014724517134,-1.751703929219047,1.9849242870112218,1,10.499999999999979,2.2,-2.84
5.1610999999999905,-3.314878713191076,-1.651779394295646,2.019143325064634,1,10.599999999999978,2.2,-2.84
5.21109999999999,-3.3642476924001223,-1.553486346537831,2.053362363118046,1,10.699999999999978,-3.705601484873813,-13.938032975536244
5.26109999999999,-3.3234197877396223,-1.6339562249206054,2.0253811705431204,1,10.799999999999978,-2.2,-2.84
5.31109999999999,-3.2768201317349224,-1.7335920187193552,1.991162132489708,1,10.899999999999977,-2.2,-2.84
5.36109999999999,-3.2336565315103205,-1.8347637685377411,1.9569430944362955,1,10.999999999999977,3.7179150945278687,-12.193428480664675
5.41109999999999,-3.2687280825748593,-1.7516234929077381,1.9849242870112214,1,11.099999999999977,2.2,-2.84
5.461099999999989,-3.314705323314222,-1.651698957984337,2.0191433250646336,1,11.199999999999976,2.2,-2.84
5.511099999999989,-3.3640743025232682,-1.553405910226522,2.0533623631180458,1,11.299999999999976,-3.705410346348175,-13.938033930552903
5.561099999999989,-3.323246397862768,-1.6338757886092965,2.02538117054312,1,11.399999999999975,-2.2,-2.84
5.611099999999989,-3.2766467418580687,-1.7335115824080463,1.9911621324897075,1,11.499999999999975,-2.2,-2.84
5.661099999999989,-3.233483141633467,-1.8346833322264322,1.956943094436295,1,11.599999999999975,3.717724593992583,-12.193384401261753
5.7110999999999885,-3.2685546926980056,-1.7515430565964292,1.984924287011221,1,11.699999999999974,2.2,-2.84
5.761099999999988,-3.3145319334373684,-1.6516185216730281,2.019143325064633,1,11.799999999999974,2.2,-2.84
5.811099999999988,-3.3639009126464146,-1.5533254739152131,2.0533623631180453,1,11.899999999999974,-3.7052192078225685,-13.938034885668095
5.861099999999988,-3.3230730079859145,-1.6337953522979876,2.0253811705431195,1,11.999999999999973,-2.2,-2.84
5.911099999999988,-3.276473351981215,-1.7334311460967373,1.991162132489707,1,12.099999999999973,-2.2,-2.84
5.961099999999988,-3.233309751756613,-1.8346028959151233,1.9569430944362947,1,12.199999999999973,3.7175340935228243,-12.193340317341242
6.0110999999999875,-3.268381302821152,-1.7514626202851202,1.9849242870112205,1,12.299999999999972,2.2,-2.84
6.061099999999987,-3.3143585435605147,-1.6515380853617192,2.0191433250646327,1,12.399999999999972,2.2,-2.84
6.111099999999987,-3.363727522769561,-1.5532450376039042,2.053362363118045,1,12.499999999999972,-3.7050280692969926,-13.938035840881835
6.161099999999987,-3.322899618109061,-1.6337149159866786,2.025381170543119,1,12.599999999999971,-2.2,-2.84
6.211099999999987,-3.2762999621043614,-1.7333507097854284,1.9911621324897066,1,12.69999999999997,-2.2,-2.84
6.261099999999987,-3.2331363618797595,-1.8345224596038143,1.9569430944362942,1,12.79999999999997,3.7173435931186014,-12.193296228902447
6.311099999999986,-3.2682079129442982,-1.7513821839738113,1.98492428701122,1,12.89999999999997,2.2,-2.84
6.361099999999986,-3.314185153683661,-1.6514576490504103,2.0191433250646322,1,12.99999999999997,2.2,-2.84
6.411099999999986,-3.363554132892707,-1.5531646012925953,2.0533623631180444,1,13.09999999999997,-3.7048369307714473,-13.938036796194133
6.461099999999986,-3.322726228232207,-1.6336344796753697,2.0253811705431186,1,13.199999999999969,-2.2,-2.84
6.511099999999986,-3.2761265722275077,-1.7332702734741194,1.9911621324897062,1,13.299999999999969,-2.2,-2.84
6.5610999999999855,-3.232962972002906,-1.8344420232925054,1.9569430944362938,1,13.399999999999968,3.7171530927799252,-12.193252135944679
6.611099999999985,-3.268034523067444,-1.7513017476625024,1.9849242870112196,1,13.499999999999968,2.2,-2.84
6.661099999999985,-3.314011763806807,-1.6513772127391013,2.019143325064632,1,13.599999999999968,2.2,-2.84
6.711099999999985,-3.3633807430158527,-1.5530841649812863,2.053362363118044,1,13.699999999999967,-3.7046457922459317,-13.938037751605009
6.761099999999985,-3.3225528383553526,-1.6335540433640607,2.025381170543118,1,13.799999999999967,-2.2,-2.84
6.811099999999985,-3.275953182350653,-1.7331898371628105,1.9911621324897057,1,13.899999999999967,-2.2,-2.84
6.861099999999984,-3.2327895821260513,-1.8343615869811964,1.9569430944362933,1,13.999999999999966,3.716962592506804,-12.193208038467237
6.911099999999984,-3.2678611331905896,-1.7512213113511934,1.9849242870112191,1,14.099999999999966,2.2,-2.84
6.961099999999984,-3.3138383739299524,-1.6512967764277924,2.0191433250646313,1,14.199999999999966,2.2,-2.84
7.011099999999984,-3.363207353138998,-1.5530037286699774,2.0533623631180435,1,14.299999999999965,-3.7044546537204472,-13.93803870711448
7.061099999999984,-3.322379448478498,-1.6334736070527518,2.0253811705431177,1,14.399999999999965,-2.2,-2.84
7.1110999999999835,-3.2757797924737986,-1.7331094008515016,1.9911621324897053,1,14.499999999999964,-2.2,-2.84
7.161099999999983,-3.232616192249197,-1.8342811506698875,1.9569430944362929,1,14.599999999999964,3.71677209229925,-12.193163936469434
7.211099999999983,-3.2676877433137355,-1.7511408750398845,1.9849242870112187,1,14.699999999999964,2.2,-2.84
7.261099999999983,-3.3136649840530983,-1.6512163401164834,2.019143325064631,1,14.799999999999963,2.2,-2.84
7.311099999999983,-3.363033963262144,-1.5529232923586682,2.053362363118043,1,14.899999999999963,-3.7042635151949934,-13.938039662722558
7.361099999999983,-3.322206058601644,-1.6333931707414429,2.0253811705431173,1,14.999999999999963,-2.2,-2.84
7.4110999999999825,-3.2756064025969445,-1.7330289645401926,1.9911621324897049,1,15.099999999999962,-2.2,-2.84
7.461099999999982,-3.232442802372343,-1.8342007143585786,1.9569430944362924,1,15.199999999999962,3.7165815921572722,-12.19311982995057
7.511099999999982,-3.2675143534368813,-1.7510604387285755,1.9849242870112183,1,15.299999999999962,2.2,-2.84
7.561099999999982,-3.313491594176244,-1.6511359038051745,2.0191433250646305,1,15.399999999999961,2.2,-2.84
7.611099999999982,-3.36286057338529,-1.5528428560473593,2.0533623631180427,1,15.499999999999961,-3.7040723766695707,-13.938040618429257
7.661099999999982,-3.32203266872479,-1.633312734430134,2.025381170543117,1,15.59999999999996,-2.2,-2.84
7.711099999999981,-3.2754330127200904,-1.7329485282288837,1.9911621324897044,1,15.69999999999996,-2.2,-2.84
7.761099999999981,-3.232269412495489,-1.8341202780472696,1.956943094436292,1,15.79999999999996,3.7163910920808814,-12.193075718909956
7.811099999999981,-3.2673409635600272,-1.7509800024172666,1.9849242870112178,1,15.89999999999996,2.2,-2.84
7.861099999999981,-3.3133182042993896,-1.6510554674938653,2.01914332506463,1,15.99999999999996,2.2,-2.84
7.911099999999981,-3.3626871835084353,-1.5527624197360501,2.053362363118042,1,16.09999999999996,-3.7038812381441777,-13.938041574234596
7.9610999999999805,-3.3218592788479353,-1.6332322981188248,2.0253811705431164,1,16.19999999999996,-2.2,-2.84
8.011099999999981,-3.2752596228432354,-1.7328680919175765,1.9911621324897033,1,16.29999999999996,3.7054227047684147,-12.810754253510458
8.061099999999982,-3.3131550675953076,-1.6509763683250893,2.0191433250646296,1,16.399999999999963,2.2,-2.84
8.111099999999983,-3.3625240468043542,-1.5526833205672723,2.0533623631180427,1,16.499999999999964,-3.70369996885619,-13.938051274493894
8.161099999999983,-3.321696142143854,-1.6331531989500483,2.0253811705431164,1,16.599999999999966,-2.2,-2.84
8.211099999999984,-3.275096486139154,-1.7327889927488,1.9911621324897033,1,16.699999999999967,3.7052415153283103,-12.810736186352568
8.261099999999985,-3.312991930891226,-1.6508972691563129,2.0191433250646296,1,16.79999999999997,2.2,-2.84
8.311099999999985,-3.3623609101002727,-1.5526042213984959,2.0533623631180427,1,16.89999999999997,-3.7035186995713634,-13.938060975702747
8.361099999999986,-3.3215330054397723,-1.6330740997812718,2.0253811705431164,1,16.99999999999997,-2.2,-2.84
8.411099999999987,-3.2749333494350723,-1.7327098935800236,1.9911621324897033,1,17.099999999999973,3.7050603258991774,-12.81071811742759
8.461099999999988,-3.3128287941871446,-1.6508181699875364,2.0191433250646296,1,17.199999999999974,2.2,-2.84
8.511099999999988,-3.362197773396191,-1.5525251222297194,2.0533623631180427,1,17.299999999999976,-3.703337430289699,-13.938070677861297
8.561099999999989,-3.3213698687356907,-1.6329950006124954,2.0253811705431164,1,17.399999999999977,-2.2,-2.84
8.61109999999999,-3.274770212730991,-1.7326307944112471,1.9911621324897033,1,17.49999999999998,3.704879136481017,-12.81070004673527
8.66109999999999,-3.312665657483063,-1.65073907081876,2.0191433250646296,1,17.59999999999998,2.2,-2.84
8.711099999999991,-3.3620346366921097,-1.552446023060943,2.0533623631180427,1,17.69999999999998,-3.7031561610111967,-13.938080380969692
8.761099999999992,-3.321206732031609,-1.632915901443719,2.0253811705431164,1,17.799999999999983,-2.2,-2.84
8.811099999999993,-3.2746070760269093,-1.7325516952424707,1.9911621324897033,1,17.899999999999984,3.7046979470738317,-12.810681974275347
8.861099999999993,-3.3125025207789816,-1.6506599716499835,2.0191433250646296,1,17.999999999999986,2.2,-2.84
8.911099999999994,-3.361871499988028,-1.5523669238921665,2.0533623631180427,1,18.099999999999987,-3.702974891735857,-13.938090085028065
8.961099999999995,-3.3210435953275277,-1.6328368022749424,2.0253811705431164,1,18.19999999999999,-2.2,-2.84
9.011099999999995,-3.2744439393228277,-1.7324725960736942,1.9911621324897033,1,18.29999999999999,3.7045167576776223,-12.810663900047562
9.061099999999996,-3.3123393840749,-1.650580872481207,2.0191433250646296,1,18.39999999999999,2.2,-2.84
9.111099999999997,-3.3617083632839466,-1.55228782472339,2.0533623631180427,1,18.499999999999993,-3.7027936224636804,-13.938099790036555
9.161099999999998,-3.320880458623446,-1.632757703106166,2.0253811705431164,1,18.599999999999994,-2.2,-2.84
9.211099999999998,-3.274280802618746,-1.7323934969049177,1.9911621324897033,1,18.699999999999996,3.704335568292391,-12.810645824051655
9.261099999999999,-3.3121762473708185,-1.6505017733124305,2.0191433250646296,1,18.799999999999997,2.2,-2.84
9.3111,-3.361545226579865,-1.5522087255546135,2.0533623631180427,1,18.9,-3.7026123531946675,-13.938109495995308
9.3611,-3.3207173219193646,-1.6326786039373895,2.0253811705431164,1,19.0,-2.2,-2.84
9.411100000000001,-3.2741176659146647,-1.7323143977361413,1.9911621324897033,1,19.1,3.7041543789181386,-12.810627746287363
9.461100000000002,-3.312013110666737,-1.650422674143654,2.0191433250646296,1,19.200000000000003,2.2,-2.84
9.511100000000003,-3.3613820898757836,-1.552129626385837,2.0533623631180427,1,19.300000000000004,-3.7024310839288193,-13.938119202904454
9.561100000000003,-3.320554185215283,-1.632599504768613,2.0253811705431164,1,19.400000000000006,-2.2,-2.84
9.611100000000004,-3.273954529210583,-1.7322352985673648,1.9911621324897033,1,19.500000000000007,3.7039731895548673,-12.81060966675443
9.661100000000005,-3.3118499739626555,-1.6503435749748776,2.0191433250646296,1,19.60000000000001,2.2,-2.84
9.711100000000005,-3.361218953171702,-1.5520505272170606,2.0533623631180427,1,19.70000000000001,-3.7022498146661347,-13.938128910764142
9.761100000000006,-3.3203910485112016,-1.6325204055998366,2.0253811705431164,1,19.80000000000001,-2.2,-2.84
9.811100000000007,-3.2737913925065016,-1.7321561993985883,1.9911621324897033,1,19.900000000000013,3.7037920002025793,-12.810591585452602
9.861100000000008,-3.311686837258574,-1.6502644758061011,2.0191433250646296,1,20.000000000000014,2.2,-2.84
9.911100000000008,-3.3610558164676205,-1.5519714280482841,2.0533623631180427,1,20.100000000000016,-3.7020685454066156,-13.938138619574508
9.961100000000009,-3.32022791180712,-1.6324413064310601,2.0253811705431164,1,20.200000000000017,-2.2,-2.84
10.01110000000001,-3.27362825580242,-1.7320771002298119,1.9911621324897033,1,20.30000000000002,3.703610810861275,-12.810573502381615
10.06110000000001,-3.3115237005544924,-1.6501853766373247,2.0191433250646296,1,20.40000000000002,2.2,-2.84
10.111100000000011,-3.360892679763539,-1.5518923288795077,2.0533623631180427,1,20.50000000000002,-3.701887276150262,-13.938148329335686
10.161100000000012,-3.3200647751030385,-1.6323622072622836,2.0253811705431164,1,20.600000000000023,-2.2,-2.84
10.211100000000012,-3.2734651190983386,-1.7319980010610354,1.9911621324897033,1,20.700000000000024,3.7034296215309563,-12.810555417541204
10.261100000000013,-3.311360563850411,-1.6501062774685482,2.0191433250646296,1,20.800000000000026,2.2,-2.84
10.311100000000014,-3.3607295430594575,-1.5518132297107312,2.0533623631180427,1,20.900000000000027,-3.701706006897074,-13.938158040047824
10.361100000000015,-3.319901638398957,-1.6322831080935072,2.0253811705431164,1,21.00000000000003,-2.2,-2.84
10.411100000000015,-3.273301982394257,-1.731918901892259,1.9911621324897033,1,21.10000000000003,3.703248432211625,-12.810537330931115
10.461100000000016,-3.3111974271463294,-1.6500271782997717,2.0191433250646296,1,21.20000000000003,2.2,-2.84
10.511100000000017,-3.360566406355376,-1.5517341305419547,2.0533623631180427,1,21.300000000000033,-3.701524737647053,-13.93816775171106
10.561100000000017,-3.3197385016948755,-1.6322040089247307,2.0253811705431164,1,21.400000000000034,-2.2,-2.84
10.611100000000018,-3.2731388456901755,-1.7318398027234825,1.9911621324897033,1,21.500000000000036,3.7030672429032836,-12.810519242551091
10.661100000000019,-3.311034290442248,-1.6499480791309953,2.0191433250646296,1,21.600000000000037,2.2,-2.84
10.71110000000002,-3.3604032696512944,-1.5516550313731783,2.0533623631180427,1,21.70000000000004,-3.7013434684001982,-13.938177464325529
10.76110000000002,-3.319575364990794,-1.6321249097559543,2.0253811705431164,1,21.80000000000004,-2.2,-2.84
10.811100000000021,-3.272975708986094,-1.731760703554706,1.9911621324897033,1,21.90000000000004,3.7028860536059325,-12.810501152400867
10.861100000000022,-3.3108711537381663,-1.6498689799622188,2.0191433250646296,1,22.000000000000043,2.2,-2.84
10.911100000000022,-3.360240132947213,-1.5515759322044018,2.0533623631180427,1,22.100000000000044,-3.701162199156511,-13.938187177891376
10.961100000000023,-3.3194122282867125,-1.6320458105871778,2.0253811705431164,1,22.200000000000045,-2.2,-2.84
11.011100000000024,-3.2728125722820125,-1.7316816043859296,1.9911621324897033,1,22.300000000000047,3.7027048643195735,-12.810483060480186
11.061100000000025,-3.310708017034085,-1.6497898807934424,2.0191433250646296,1,22.40000000000005,2.2,-2.84
11.111100000000025,-3.3600769962431314,-1.5514968330356254,2.0533623631180427,1,22.50000000000005,-3.7009809299159917,-13.938196892408738
11.161100000000026,-3.319249091582631,-1.6319667114184013,2.0253811705431164,1,22.60000000000005,-2.2,-2.84
11.211100000000027,-3.272649435577931,-1.731602505217153,1.9911621324897033,1,22.700000000000053,3.7025236750442083,-12.810464966788786
11.261100000000027,-3.3105448803300033,-1.649710781624666,2.0191433250646296,1,22.800000000000054,2.2,-2.84
11.311100000000028,-3.35991385953905,-1.551417733866849,2.0533623631180427,1,22.900000000000055,-3.7007996606786406,-13.938206607877756
11.361100000000029,-3.3190859548785494,-1.6318876122496249,2.0253811705431164,1,23.000000000000057,-2.2,-2.84
11.41110000000003,-3.2724862988738495,-1.7315234060483766,1.9911621324897033,1,23.10000000000006,3.702342485779839,-12.810446871326407
11.46110000000003,-3.3103817436259217,-1.6496316824558894,2.0191433250646296,1,23.20000000000006,2.2,-2.84
11.511100000000031,-3.3597507228349683,-1.5513386346980724,2.0533623631180427,1,23.30000000000006,-3.7006183914444586,-13.938216324298569
11.561100000000032,-3.318922818174468,-1.6318085130808484,2.0253811705431164,1,23.400000000000063,-2.2,-2.84
11.611100000000032,-3.272323162169768,-1.7314443068796002,1.9911621324897033,1,23.500000000000064,3.7021612965264667,-12.810428774092793
11.661100000000033,-3.3102186069218402,-1.649552583287113,2.0191433250646296,1,23.600000000000065,2.2,-2.84
11.711100000000034,-3.359587586130887,-1.551259535529296,2.0533623631180427,1,23.700000000000067,-3.7004371222134456,-13.938226041671316
11.761100000000035,-3.3187596814703864,-1.631729413912072,2.0253811705431164,1,23.800000000000068,-2.2,-2.84
11.811100000000035,-3.2721600254656864,-1.7313652077108237,1.9911621324897033,1,23.90000000000007,3.7019801072840934,-12.81041067508768
11.861100000000036,-3.3100554702177587,-1.6494734841183365,2.0191433250646296,1,24.00000000000007,2.2,-2.84
11.911100000000037,-3.3594244494268053,-1.5511804363605195,2.0533623631180427,1,24.100000000000072,-3.700255852985602,-13.93823575999614
11.961100000000037,-3.318596544766305,-1.6316503147432955,2.0253811705431164,1,24.200000000000074,-2.2,-2.84
12.011100000000038,-3.271996888761605,-1.7312861085420472,1.9911621324897033,1,24.300000000000075,3.7017989180527198,-12.810392574310812
12.061100000000039,-3.309892333513677,-1.64939438494956,2.0191433250646296,1,24.400000000000077,2.2,-2.84
12.11110000000004,-3.3592613127227238,-1.551101337191743,2.0533623631180427,1,24.500000000000078,-3.700074583760929,-13.93824547927318
12.16110000000004,-3.3184334080622233,-1.631571215574519,2.0253811705431164,1,24.60000000000008,-2.2,-2.84
12.211100000000041,-3.2718337520575234,-1.7312070093732708,1.9911621324897033,1,24.70000000000008,3.701617728832349,-12.810374471761925
12.261100000000042,-3.3097291968095957,-1.6493152857807836,2.0191433250646296,1,24.800000000000082,2.2,-2.84
12.311100000000042,-3.3590981760186422,-1.5510222380229666,2.0533623631180427,1,24.900000000000084,-3.699893314539426,-13.93825519950257
12.361100000000043,-3.318270271358142,-1.6314921164057425,2.0253811705431164,1,25.000000000000085,-2.2,-2.84
12.411100000000044,-3.271670615353442,-1.7311279102044943,1.9911621324897033,1,25.100000000000087,3.701436539622981,-12.810356367440761
12.461100000000044,-3.309566060105514,-1.649236186612007,2.0191433250646296,1,25.200000000000088,2.2,-2.84
12.511100000000045,-3.3589350393145607,-1.55094313885419,2.0533623631180427,1,25.30000000000009,-3.6997120453210948,-13.938264920684459
12.561100000000046,-3.3181071346540603,-1.631413017236966,2.0253811705431164,1,25.40000000000009,-2.2,-2.84
12.611100000000047,-3.2715074786493603,-1.7310488110357178,1.9911621324897033,1,25.500000000000092,3.7012553504246184,-12.810338261347058
12.661100000000047,-3.3094029234014326,-1.6491570874432306,2.0191433250646296,1,25.600000000000094,2.2,-2.84
12.711100000000048,-3.358771902610479,-1.5508640396854136,2.0533623631180427,1,25.700000000000095,-3.699530776105935,-13.93827464281898
12.761100000000049,-3.3179439979499787,-1.6313339180681896,2.0253811705431164,1,25.800000000000097,-2.2,-2.84
12.81110000000005,-3.271344341945279,-1.7309697118669414,1.9911621324897033,1,25.900000000000098,3.701074161237263,-12.810320153480557
12.86110000000005,-3.309239786697351,-1.6490779882744542,2.0191433250646296,1,26.0000000000001,2.2,-2.84
12.91110000000005,-3.3586087659063977,-1.5507849405166372,2.0533623631180427,1,26.1000000000001,-3.6993495068939466,-13.93828436590628
12.961100000000052,-3.317780861245897,-1.6312548188994132,2.0253811705431164,1,26.200000000000102,-2.2,-2.84
13.011100000000052,-3.2711812052411973,-1.730890612698165,1.9911621324897033,1,26.300000000000104,3.7008929720609163,-12.810302043840998
13.061100000000053,-3.3090766499932696,-1.6489988891056777,2.0191433250646296,1,26.400000000000105,2.2,-2.84
13.111100000000054,-3.358445629202316,-1.5507058413478607,2.0533623631180427,1,26.500000000000107,-3.699168237685131,-13.938294089946492
13.161100000000054,-3.3176177245418157,-1.6311757197306367,2.0253811705431164,1,26.600000000000108,-2.2,-2.84
13.211100000000055,-3.2710180685371157,-1.7308115135293884,1.9911621324897033,1,26.70000000000011,3.700711782895579,-12.810283932428119
13.261100000000056,-3.308913513289188,-1.6489197899369012,2.0191433250646296,1,26.80000000000011,2.2,-2.84
13.311100000000057,-3.3582824924982346,-1.5506267421790842,2.0533623631180427,1,26.900000000000112,-3.6989869684794883,-13.938303814939758
13.361100000000057,-3.317454587837734,-1.6310966205618602,2.0253811705431164,1,27.000000000000114,-2.2,-2.84
13.411100000000058,-3.270854931833034,-1.730732414360612,1.9911621324897033,1,27.100000000000115,3.7005305937412536,-12.810265819241664
13.461100000000059,-3.3087503765851065,-1.6488406907681248,2.0191433250646296,1,27.200000000000117,2.2,-2.84
13.51110000000006,-3.358119355794153,-1.5505476430103078,2.0533623631180427,1,27.300000000000118,-3.6988056992770195,-13.938313540886224
13.56110000000006,-3.3172914511336526,-1.6310175213930838,2.0253811705431164,1,27.40000000000012,-2.2,-2.84
13.61110000000006,-3.2706917951289527,-1.7306533151918355,1.9911621324897033,1,27.50000000000012,3.700349404597942,-12.810247704281368
13.661100000000062,-3.308587239881025,-1.6487615915993483,2.0191433250646296,1,27.600000000000122,2.2,-2.84
13.711100000000062,-3.3579562190900716,-1.5504685438415313,2.0533623631180427,1,27.700000000000124,-3.698624430077724,-13.93832326778602
13.761100000000063,-3.317128314429571,-1.6309384222243073,2.0253811705431164,1,27.800000000000125,-2.2,-2.84
13.811100000000064,-3.270528658424871,-1.730574216023059,1.9911621324897033,1,27.900000000000126,3.7001682154656446,-12.810229587546972
13.861100000000064,-3.3084241031769435,-1.6486824924305719,2.0191433250646296,1,28.000000000000128,2.2,-2.84
13.911100000000065,-3.35779308238599,-1.5503894446727549,2.0533623631180427,1,28.10000000000013,-3.698443160881603,-13.938332995639295
13.961100000000066,-3.3169651777254896,-1.6308593230555308,2.0253811705431164,1,28.20000000000013,-2.2,-2.84
14.011100000000067,-3.2703655217207896,-1.7304951168542826,1.9911621324897033,1,28.300000000000132,3.6999870263443637,-12.810211469038217
14.061100000000067,-3.308260966472862,-1.6486033932617954,2.0191433250646296,1,28.400000000000134,2.2,-2.84
14.111100000000068,-3.3576299456819085,-1.5503103455039784,2.0533623631180427,1,28.500000000000135,-3.6982618916886567,-13.938342724446182
14.161100000000069,-3.316802041021408,-1.6307802238867544,2.0253811705431164,1,28.600000000000136,-2.2,-2.84
14.21110000000007,-3.270202385016708,-1.7304160176855061,1.9911621324897033,1,28.700000000000138,3.6998058372341016,-12.810193348754838
14.26110000000007,-3.3080978297687804,-1.648524294093019,2.0191433250646296,1,28.80000000000014,2.2,-2.84
14.31110000000007,-3.357466808977827,-1.550231246335202,2.0533623631180427,1,28.90000000000014,-3.698080622498886,-13.938352454206827
14.361100000000071,-3.3166389043173266,-1.630701124717978,2.0253811705431164,1,29.000000000000142,-2.2,-2.84
14.411100000000072,-3.2700392483126266,-1.7303369185167297,1.9911621324897033,1,29.100000000000144,3.699624648134859,-12.810175226696579
14.461100000000073,-3.307934693064699,-1.6484451949242425,2.0191433250646296,1,29.200000000000145,2.2,-2.84
14.511100000000074,-3.3573036722737455,-1.5501521471664255,2.0533623631180427,1,29.300000000000146,-3.6978993533122906,-13.938362184921369
14.561100000000074,-3.316475767613245,-1.6306220255492014,2.0253811705431164,1,29.400000000000148,-2.2,-2.84
14.611100000000075,-3.269876111608545,-1.7302578193479532,1.9911621324897033,1,29.50000000000015,3.6994434590466376,-12.810157102863178
14.661100000000076,-3.3077715563606174,-1.648366095755466,2.0191433250646296,1,29.60000000000015,2.2,-2.84
14.711100000000076,-3.357140535569664,-1.550073047997649,2.0533623631180427,1,29.700000000000152,-3.6977180841288715,-13.938371916589945
14.761100000000077,-3.3163126309091635,-1.630542926380425,2.0253811705431164,1,29.800000000000153,-2.2,-2.84
14.811100000000078,-3.2697129749044636,-1.7301787201791767,1.9911621324897033,1,29.900000000000155,3.6992622699694393,-12.810138977254375
14.861100000000079,-3.307608419656536,-1.6482869965866895,2.0191433250646296,1,30.000000000000156,2.2,-2.84
14.91110000000008,-3.3569773988655824,-1.5499939488288725,2.0533623631180427,1,30.100000000000158,-3.697536814948629,-13.9383816492127
14.96110000000008,-3.316149494205082,-1.6304638272116485,2.0253811705431164,1,30.20000000000016,-2.2,-2.84
15.01110000000008,-3.269549838200382,-1.7300996210104003,1.9911621324897033,1,30.30000000000016,3.699081080903266,-12.810120849869907
15.061100000000081,-3.3074452829524543,-1.648207897417913,2.0191433250646296,1,30.400000000000162,2.2,-2.84
15.111100000000082,-3.356814262161501,-1.549914849660096,2.0533623631180427,1,30.500000000000163,-3.6973555457715643,-13.938391382789773
15.161100000000083,-3.3159863575010005,-1.630384728042872,2.0253811705431164,1,30.600000000000165,-2.2,-2.84
15.211100000000084,-3.2693867014963005,-1.7300205218416238,1.9911621324897033,1,30.700000000000166,3.698899891848119,-12.810102720709514
15.261100000000084,-3.307282146248373,-1.6481287982491366,2.0191433250646296,1,30.800000000000168,2.2,-2.84
15.311100000000085,-3.3566511254574194,-1.5498357504913196,2.0533623631180427,1,30.90000000000017,-3.6971742765976763,-13.9384011173213
15.361100000000086,-3.315823220796919,-1.6303056288740956,2.0253811705431164,1,31.00000000000017,-2.2,-2.84
15.411100000000086,-3.269223564792219,-1.7299414226728473,1.9911621324897033,1,31.100000000000172,3.6987187028039994,-12.810084589772934
15.461100000000087,-3.3071190095442913,-1.6480496990803601,2.0191433250646296,1,31.200000000000173,2.2,-2.84
15.511100000000088,-3.356487988753338,-1.5497566513225431,2.0533623631180427,1,31.300000000000175,-3.696993007426967,-13.938410852807426
15.561100000000089,-3.3156600840928374,-1.6302265297053191,2.0253811705431164,1,31.400000000000176,-2.2,-2.84
15.61110000000009,-3.2690604280881375,-1.7298623235040709,1.9911621324897033,1,31.500000000000178,3.6985375137709093,-12.81006645705991
15.66110000000009,-3.3069558728402098,-1.6479705999115837,2.0191433250646296,1,31.60000000000018,2.2,-2.84
15.71110000000009,-3.3563248520492563,-1.5496775521537667,2.0533623631180427,1,31.70000000000018,-3.696811738259436,-13.93842058924829
15.761100000000091,-3.315496947388756,-1.6301474305365427,2.0253811705431164,1,31.800000000000182,-2.2,-2.84
15.811100000000092,-3.268897291384056,-1.7297832243352944,1.9911621324897033,1,31.900000000000183,3.6983563247488505,-12.810048322570179
15.861100000000093,-3.3067927361361282,-1.6478915007428072,2.0191433250646296,1,32.000000000000185,2.2,-2.84
15.911100000000094,-3.356161715345175,-1.5495984529849902,2.0533623631180427,1,32.100000000000186,-3.696630469095084,-13.938430326644031
15.961100000000094,-3.3153338106846744,-1.6300683313677662,2.0253811705431164,1,32.20000000000019,-2.2,-2.84
16.011100000000095,-3.2687341546799744,-1.729704125166518,1.9911621324897033,1,32.30000000000019,3.6981751357378245,-12.810030186303477
16.061100000000096,-3.3066295994320467,-1.6478124015740307,2.0191433250646296,1,32.40000000000019,2.2,-2.84
16.111100000000096,-3.3559985786410933,-1.5495193538162138,2.0533623631180427,1,32.50000000000019,-3.6964491999339115,-13.938440064994793
16.161100000000097,-3.315170673980593,-1.6299892321989897,2.0253811705431164,1,32.60000000000019,-2.2,-2.84
16.211100000000098,-3.268571017975893,-1.7296250259977415,1.9911621324897033,1,32.700000000000195,3.697993946737833,-12.810012048259544
16.2611000000001,-3.306466462727965,-1.6477333024052543,2.0191433250646296,1,32.800000000000196,2.2,-2.84
16.3111000000001,-3.3558354419370118,-1.5494402546474373,2.0533623631180427,1,32.9000000000002,-3.6962679307759188,-13.938449804300713
16.3611000000001,-3.3150075372765113,-1.6299101330302133,2.0253811705431164,1,33.0000000000002,-2.2,-2.84
16.4111000000001,-3.2684078812718114,-1.729545926828965,1.9911621324897033,1,33.1000000000002,3.6978127577488773,-12.809993908438123
16.4611000000001,-3.3063033260238837,-1.6476542032364778,2.0191433250646296,1,33.2000000000002,2.2,-2.84
16.511100000000102,-3.3556723052329303,-1.5493611554786608,2.0533623631180427,1,33.3000000000002,-3.696086661621107,-13.938459544561937
16.561100000000103,-3.31484440057243,-1.6298310338614368,2.0253811705431164,1,33.400000000000205,-2.2,-2.84
16.611100000000103,-3.26824474456773,-1.7294668276601886,1.9911621324897033,1,33.500000000000206,3.697631568770959,-12.809975766838953
16.661100000000104,-3.306140189319802,-1.6475751040677014,2.0191433250646296,1,33.60000000000021,2.2,-2.84
16.711100000000105,-3.3555091685288487,-1.5492820563098844,2.0533623631180427,1,33.70000000000021,-3.695905392469476,-13.938469285778597
16.761100000000106,-3.3146812638683483,-1.6297519346926603,2.0253811705431164,1,33.80000000000021,-2.2,-2.84
16.811100000000106,-3.2680816078636483,-1.729387728491412,1.9911621324897033,1,33.90000000000021,3.69745037980408,-12.809957623461766
16.861100000000107,-3.3059770526157206,-1.647496004898925,2.0191433250646296,1,34.00000000000021,2.2,-2.84
16.911100000000108,-3.355346031824767,-1.549202957141108,2.0533623631180427,1,34.100000000000215,-3.6957241233210256,-13.938479027950839
16.96110000000011,-3.3145181271642667,-1.6296728355238839,2.0253811705431164,1,34.200000000000216,-2.2,-2.84
17.01110000000011,-3.267918471159567,-1.7293086293226356,1.9911621324897033,1,34.30000000000022,3.697269190848242,-12.809939478306305
17.06110000000011,-3.305813915911639,-1.6474169057301484,2.0191433250646296,1,34.40000000000022,2.2,-2.84
17.11110000000011,-3.3551828951206857,-1.5491238579723314,2.0533623631180427,1,34.50000000000022,-3.695542854175758,-13.938488771078804
17.16110000000011,-3.3143549904601852,-1.6295937363551074,2.0253811705431164,1,34.60000000000022,-2.2,-2.84
17.211100000000112,-3.2677553344554853,-1.7292295301538592,1.9911621324897033,1,34.70000000000022,3.6970880019034467,-12.809921331372308
17.261100000000113,-3.3056507792075576,-1.647337806561372,2.0191433250646296,1,34.800000000000225,2.2,-2.84
17.311100000000113,-3.355019758416604,-1.549044758803555,2.0533623631180427,1,34.900000000000226,-3.695361585033672,-13.938498515162628
17.361100000000114,-3.3141918537561037,-1.629514637186331,2.0253811705431164,1,35.00000000000023,-2.2,-2.84
17.411100000000115,-3.2675921977514037,-1.7291504309850827,1.9911621324897033,1,35.10000000000023,3.696906812969695,-12.809903182659516
17.461100000000116,-3.305487642503476,-1.6472587073925955,2.0191433250646296,1,35.20000000000023,2.2,-2.84
17.511100000000116,-3.3548566217125226,-1.5489656596347785,2.0533623631180427,1,35.30000000000023,-3.695180315894769,-13.93850826020246
17.561100000000117,-3.314028717052022,-1.6294355380175545,2.0253811705431164,1,35.40000000000023,-2.2,-2.84
17.611100000000118,-3.2674290610473222,-1.7290713318163062,1.9911621324897033,1,35.500000000000234,3.696725624046989,-12.809885032167664
17.66110000000012,-3.3053245057993945,-1.647179608223819,2.0191433250646296,1,35.600000000000236,2.2,-2.84
17.71110000000012,-3.354693485008441,-1.548886560466002,2.0533623631180427,1,35.70000000000024,-3.694999046759049,-13.938518006198432
17.76110000000012,-3.3138655803479407,-1.629356438848778,2.0253811705431164,1,35.80000000000024,-2.2,-2.84
17.81110000000012,-3.2672659243432407,-1.7289922326475298,1.9911621324897033,1,35.90000000000024,3.6965444351353307,-12.809866879896491
17.86110000000012,-3.305161369095313,-1.6471005090550426,2.0191433250646296,1,36.00000000000024,2.2,-2.84
17.911100000000122,-3.3545303483043596,-1.5488074612972256,2.0533623631180427,1,36.10000000000024,-3.694817777626513,-13.938527753150689
17.961100000000123,-3.313702443643859,-1.6292773396800015,2.0253811705431164,1,36.200000000000244,-2.2,-2.84
18.011100000000123,-3.267102787639159,-1.7289131334787533,1.9911621324897033,1,36.300000000000246,3.6963632462347213,-12.809848725845736
18.061100000000124,-3.3049982323912315,-1.647021409886266,2.0191433250646296,1,36.40000000000025,2.2,-2.84
18.111100000000125,-3.354367211600278,-1.548728362128449,2.0533623631180427,1,36.50000000000025,-3.694636508497161,-13.938537501059372
18.161100000000125,-3.3135393069397776,-1.629198240511225,2.0253811705431164,1,36.60000000000025,-2.2,-2.84
18.211100000000126,-3.2669396509350777,-1.7288340343099768,1.9911621324897033,1,36.70000000000025,3.6961820573451623,-12.809830570015139
18.261100000000127,-3.30483509568715,-1.6469423107174896,2.0191433250646296,1,36.80000000000025,2.2,-2.84
18.311100000000128,-3.3542040748961965,-1.5486492629596726,2.0533623631180427,1,36.900000000000254,-3.6944552393709937,-13.938547249924623
18.36110000000013,-3.313376170235696,-1.6291191413424486,2.0253811705431164,1,37.000000000000256,-2.2,-2.84
18.41110000000013,-3.266776514230996,-1.7287549351412004,1.9911621324897033,1,37.10000000000026,3.6960008684666557,-12.809812412404437
18.46110000000013,-3.3046719589830684,-1.6468632115487132,2.0191433250646296,1,37.20000000000026,2.2,-2.84
18.51110000000013,-3.354040938192115,-1.5485701637908962,2.0533623631180427,1,37.30000000000026,-3.6942739702480116,-13.938556999746577
18.56110000000013,-3.3132130335316146,-1.6290400421736722,2.0253811705431164,1,37.40000000000026,-2.2,-2.84
18.611100000000132,-3.2666133775269146,-1.728675835972424,1.9911621324897033,1,37.50000000000026,3.695819679599203,-12.809794253013369
18.661100000000133,-3.304508822278987,-1.6467841123799367,2.0191433250646296,1,37.600000000000264,2.2,-2.84
18.711100000000133,-3.3538778014880335,-1.5484910646221197,2.0533623631180427,1,37.700000000000266,-3.694092701128215,-13.93856675052538
18.761100000000134,-3.313049896827533,-1.6289609430048957,2.0253811705431164,1,37.80000000000027,-2.2,-2.84
18.811100000000135,-3.266450240822833,-1.7285967368036474,1.9911621324897033,1,37.90000000000027,3.6956384907428057,-12.80977609184167
18.861100000000135,-3.3043456855749054,-1.6467050132111603,2.0191433250646296,1,38.00000000000027,2.2,-2.84
18.911100000000136,-3.353714664783952,-1.5484119654533433,2.0533623631180427,1,38.10000000000027,-3.693911432011604,-13.938576502261169
18.961100000000137,-3.3128867601234515,-1.6288818438361192,2.0253811705431164,1,38.20000000000027,-2.2,-2.84
19.011100000000138,-3.2662871041187516,-1.728517637634871,1.9911621324897033,1,38.300000000000274,3.6954573018974655,-12.809757928889084
19.06110000000014,-3.304182548870824,-1.6466259140423838,2.0191433250646296,1,38.400000000000276,2.2,-2.84
19.11110000000014,-3.3535515280798704,-1.5483328662845668,2.0533623631180427,1,38.50000000000028,-3.6937301628981802,-13.93858625495409
19.16110000000014,-3.31272362341937,-1.6288027446673428,2.0253811705431164,1,38.60000000000028,-2.2,-2.84
19.21110000000014,-3.26612396741467,-1.7284385384660945,1.9911621324897033,1,38.70000000000028,3.6952761130631844,-12.809739764155344
19.26110000000014,-3.3040194121667423,-1.6465468148736073,2.0191433250646296,1,38.80000000000028,2.2,-2.84
19.311100000000142,-3.353388391375789,-1.5482537671157903,2.0533623631180427,1,38.90000000000028,-3.693548893787943,-13.938596008604282
19.361100000000143,-3.3125604867152885,-1.6287236454985663,2.0253811705431164,1,39.000000000000284,-2.2,-2.84
19.411100000000143,-3.2659608307105885,-1.728359439297318,1.9911621324897033,1,39.100000000000286,3.695094924239963,-12.809721597640191
19.461100000000144,-3.303856275462661,-1.6464677157048309,2.0191433250646296,1,39.20000000000029,2.2,-2.84
19.511100000000145,-3.3532252546717074,-1.5481746679470139,2.0533623631180427,1,39.30000000000029,-3.6933676246808935,-13.938605763211882
19.561100000000145,-3.312397350011207,-1.6286445463297898,2.0253811705431164,1,39.40000000000029,-2.2,-2.84
19.611100000000146,-3.265797694006507,-1.7282803401285416,1.9911621324897033,1,39.50000000000029,3.6949137354278037,-12.80970342934336
19.661100000000147,-3.3036931387585793,-1.6463886165360544,2.0191433250646296,1,39.60000000000029,2.2,-2.84
19.711100000000148,-3.353062117967626,-1.5480955687782374,2.0533623631180427,1,39.700000000000294,-3.6931863555770312,-13.938615518777036
19.761100000000148,-3.3122342133071254,-1.6285654471610134,2.0253811705431164,1,39.800000000000296,-2.2,-2.84
19.81110000000015,-3.2656345573024255,-1.7282012409597651,1.9911621324897033,1,39.9000000000003,3.694732546626708,-12.809685259264596
19.86110000000015,-3.3035300020544978,-1.646309517367278,2.0191433250646296,1,40.0000000000003,2.2,-2.84
19.91110000000015,-3.3528989812635444,-1.548016469609461,2.0533623631180427,1,40.1000000000003,-3.6930050864763584,-13.938625275299884
19.96110000000015,-3.312071076603044,-1.628486347992237,2.0253811705431164,1,40.2000000000003,-2.2,-2.84
20.01110000000015,-3.265471420598344,-1.7281221417909887,1.9911621324897033,1,40.3000000000003,3.6945513578366778,-12.809667087403628
20.061100000000152,-3.3033668653504162,-1.6462304181985015,2.0191433250646296,1,40.400000000000304,2.2,-2.84
20.111100000000153,-3.352735844559463,-1.5479373704406845,2.0533623631180427,1,40.500000000000306,-3.6928238173788737,-13.938635032780564
20.161100000000154,-3.3119079398989624,-1.6284072488234604,2.0253811705431164,1,40.60000000000031,-2.2,-2.84
20.211100000000155,-3.2653082838942624,-1.7280430426222122,1.9911621324897033,1,40.70000000000031,3.6943701690577146,-12.809648913760197
20.261100000000155,-3.3032037286463347,-1.646151319029725,2.0191433250646296,1,40.80000000000031,2.2,-2.84
20.311100000000156,-3.3525727078553813,-1.547858271271908,2.0533623631180427,1,40.90000000000031,-3.6926425482845784,-13.938644791219218
20.361100000000157,-3.311744803194881,-1.628328149654684,2.0253811705431164,1,41.00000000000031,-2.2,-2.84
20.411100000000157,-3.265145147190181,-1.7279639434534357,1.9911621324897033,1,41.100000000000314,3.6941889802898196,-12.809630738334043
20.461100000000158,-3.303040591942253,-1.6460722198609485,2.0191433250646296,1,41.200000000000315,2.2,-2.84
20.51110000000016,-3.3524095711513,-1.5477791721031315,2.0533623631180427,1,41.30000000000032,-3.6924612791934726,-13.93865455061599
20.56110000000016,-3.3115816664907993,-1.6282490504859075,2.0253811705431164,1,41.40000000000032,-2.2,-2.84
20.61110000000016,-3.2649820104860994,-1.7278848442846593,1.9911621324897033,1,41.50000000000032,3.6940077915329947,-12.809612561124904
20.66110000000016,-3.3028774552381717,-1.645993120692172,2.0191433250646296,1,41.60000000000032,2.2,-2.84
20.71110000000016,-3.3522464344472183,-1.547700072934355,2.0533623631180427,1,41.70000000000032,-3.6922800101055575,-13.938664310971019
20.761100000000162,-3.311418529786718,-1.628169951317131,2.0253811705431164,1,41.800000000000324,-2.2,-2.84
20.811100000000163,-3.264818873782018,-1.7278057451158828,1.9911621324897033,1,41.900000000000325,3.693826602787242,-12.809594382132515
20.861100000000164,-3.30271431853409,-1.6459140215233956,2.0191433250646296,1,42.00000000000033,2.2,-2.84
20.911100000000165,-3.3520832977431367,-1.5476209737655786,2.0533623631180427,1,42.10000000000033,-3.6920987410208332,-13.938674072284448
20.961100000000165,-3.3112553930826363,-1.6280908521483546,2.0253811705431164,1,42.20000000000033,-2.2,-2.84
21.011100000000166,-3.2646557370779363,-1.7277266459471063,1.9911621324897033,1,42.30000000000033,3.693645414052562,-12.809576201356617
21.061100000000167,-3.3025511818300086,-1.6458349223546191,2.0191433250646296,1,42.40000000000033,2.2,-2.84
21.111100000000167,-3.351920161039055,-1.5475418745968021,2.0533623631180427,1,42.500000000000334,-3.6919174719392998,-13.938683834556413
21.161100000000168,-3.3110922563785548,-1.6280117529795781,2.0253811705431164,1,42.600000000000335,-2.2,-2.84
21.21110000000017,-3.264492600373855,-1.7276475467783299,1.9911621324897033,1,42.70000000000034,3.693464225328957,-12.809558018796942
21.26110000000017,-3.302388045125927,-1.6457558231858427,2.0191433250646296,1,42.80000000000034,2.2,-2.84
21.31110000000017,-3.3517570243349737,-1.5474627754280257,2.0533623631180427,1,42.90000000000034,-3.691736202860958,-13.93869359778706
21.36110000000017,-3.3109291196744732,-1.6279326538108017,2.0253811705431164,1,43.00000000000034,-2.2,-2.84
21.41110000000017,-3.2643294636697733,-1.7275684476095534,1.9911621324897033,1,43.10000000000034,3.693283036616429,-12.809539834453233
21.461100000000172,-3.3022249084218456,-1.6456767240170662,2.0191433250646296,1,43.200000000000344,2.2,-2.84
21.511100000000173,-3.351593887630892,-1.5473836762592492,2.0533623631180427,1,43.300000000000345,-3.6915549337858087,-13.938703361976529
21.561100000000174,-3.3107659829703917,-1.6278535546420252,2.0253811705431164,1,43.40000000000035,-2.2,-2.84
21.611100000000175,-3.2641663269656918,-1.727489348440777,1.9911621324897033,1,43.50000000000035,3.6931018479149795,-12.809521648325225
21.661100000000175,-3.302061771717764,-1.6455976248482898,2.0191433250646296,1,43.60000000000035,2.2,-2.84
21.711100000000176,-3.3514307509268106,-1.5473045770904728,2.0533623631180427,1,43.70000000000035,-3.6913736647138515,-13.93871312712496
21.761100000000177,-3.31060284626631,-1.6277744554732487,2.0253811705431164,1,43.80000000000035,-2.2,-2.84
21.811100000000177,-3.2640031902616102,-1.7274102492720005,1.9911621324897033,1,43.900000000000354,3.6929206592246095,-12.809503460412659
21.861100000000178,-3.3018986350136825,-1.6455185256795133,2.0191433250646296,1,44.000000000000355,2.2,-2.84
21.91110000000018,-3.351267614222729,-1.5472254779216963,2.0533623631180427,1,44.10000000000036,-3.6911923956450883,-13.938722893232498
21.96110000000018,-3.3104397095622287,-1.6276953563044723,2.0253811705431164,1,44.20000000000036,-2.2,-2.84
22.01110000000018,-3.2638400535575287,-1.727331150103224,1.9911621324897033,1,44.30000000000036,3.6927394705453214,-12.809485270715264
22.06110000000018,-3.301735498309601,-1.6454394265107368,2.0191433250646296,1,44.40000000000036,2.2,-2.84
22.11110000000018,-3.3511044775186476,-1.5471463787529198,2.0533623631180427,1,44.50000000000036,-3.691011126579518,-13.93873266029928
22.161100000000182,-3.310276572858147,-1.6276162571356958,2.0253811705431164,1,44.600000000000364,-2.2,-2.84
22.211100000000183,-3.263676916853447,-1.7272520509344476,1.9911621324897033,1,44.700000000000365,3.692558281877116,-12.809467079232785
22.261100000000184,-3.3015723616055195,-1.6453603273419604,2.0191433250646296,1,44.80000000000037,2.2,-2.84
22.311100000000184,-3.350941340814566,-1.5470672795841434,2.0533623631180427,1,44.90000000000037,-3.6908298575171417,-13.93874242832545
22.361100000000185,-3.3101134361540656,-1.6275371579669193,2.0253811705431164,1,45.00000000000037,-2.2,-2.84
22.411100000000186,-3.2635137801493657,-1.727172951765671,1.9911621324897033,1,45.10000000000037,3.6923770932199953,-12.809448885964962
22.461100000000187,-3.301409224901438,-1.645281228173184,2.0191433250646296,1,45.20000000000037,2.2,-2.84
22.511100000000187,-3.3507782041104845,-1.546988180415367,2.0533623631180427,1,45.300000000000374,-3.69064858845796,-13.938752197311146
22.561100000000188,-3.309950299449984,-1.6274580587981429,2.0253811705431164,1,45.400000000000375,-2.2,-2.84
22.61110000000019,-3.263350643445284,-1.7270938525968946,1.9911621324897033,1,45.50000000000038,3.692195904573962,-12.80943069091152
22.66110000000019,-3.3012460881973564,-1.6452021290044074,2.0191433250646296,1,45.60000000000038,2.2,-2.84
22.71110000000019,-3.350615067406403,-1.5469090812465904,2.0533623631180427,1,45.70000000000038,-3.6904673194019733,-13.938761967256514
22.76110000000019,-3.3097871627459026,-1.6273789596293664,2.0253811705431164,1,45.80000000000038,-2.2,-2.84
22.81110000000019,-3.2631875067412026,-1.7270147534281182,1.9911621324897033,1,45.90000000000038,3.6920147159390155,-12.809412494072209
22.861100000000192,-3.301082951493275,-1.645123029835631,2.0191433250646296,1,46.000000000000384,2.2,-2.84
22.911100000000193,-3.3504519307023215,-1.546829982077814,2.0533623631180427,1,46.100000000000385,-3.6902860503491817,-13.938771738161694
22.961100000000194,-3.309624026041821,-1.62729986046059,2.0253811705431164,1,46.20000000000039,-2.2,-2.84
23.011100000000194,-3.263024370037121,-1.7269356542593417,1.9911621324897033,1,46.30000000000039,3.6918335273151595,-12.80939429544676
23.061100000000195,-3.3009198147891934,-1.6450439306668545,2.0191433250646296,1,46.40000000000039,2.2,-2.84
23.111100000000196,-3.35028879399824,-1.5467508829090375,2.0533623631180427,1,46.50000000000039,-3.6901047812995866,-13.938781510026823
23.161100000000197,-3.3094608893377395,-1.6272207612918135,2.0253811705431164,1,46.60000000000039,-2.2,-2.84
23.211100000000197,-3.2628612333330396,-1.7268565550905652,1.9911621324897033,1,46.700000000000394,3.6916523387023945,-12.80937609503491
23.261100000000198,-3.300756678085112,-1.644964831498078,2.0191433250646296,1,46.800000000000395,2.2,-2.84
23.3111000000002,-3.3501256572941585,-1.546671783740261,2.0533623631180427,1,46.9000000000004,-3.6899235122531873,-13.938791282852048
23.3611000000002,-3.309297752633658,-1.627141662123037,2.0253811705431164,1,47.0000000000004,-2.2,-2.84
23.4111000000002,-3.262698096628958,-1.7267774559217888,1.9911621324897033,1,47.1000000000004,3.6914711501007225,-12.809357892836399
23.4611000000002,-3.3005935413810303,-1.6448857323293016,2.0191433250646296,1,47.2000000000004,2.2,-2.84
23.5111000000002,-3.349962520590077,-1.5465926845714846,2.0533623631180427,1,47.3000000000004,-3.689742243209985,-13.938801056637509
23.561100000000202,-3.3091346159295765,-1.6270625629542605,2.0253811705431164,1,47.400000000000404,-2.2,-2.84
23.611100000000203,-3.2625349599248765,-1.7266983567530123,1.9911621324897033,1,47.500000000000405,3.691289961510145,-12.809339688850962
23.661100000000204,-3.300430404676949,-1.6448066331605251,2.0191433250646296,1,47.600000000000406,2.2,-2.84
23.711100000000204,-3.3497993838859954,-1.5465135854027081,2.0533623631180427,1,47.70000000000041,-3.6895609741699804,-13.938810831383345
23.761100000000205,-3.308971479225495,-1.626983463785484,2.0253811705431164,1,47.80000000000041,-2.2,-2.84
23.811100000000206,-3.262371823220795,-1.7266192575842358,1.9911621324897033,1,47.90000000000041,3.6911087729306638,-12.809321483078335
23.861100000000206,-3.3002672679728673,-1.6447275339917486,2.0191433250646296,1,48.00000000000041,2.2,-2.84
23.911100000000207,-3.349636247181914,-1.5464344862339316,2.0533623631180427,1,48.10000000000041,-3.6893797051331734,-13.938820607089703
23.961100000000208,-3.3088083425214134,-1.6269043646167076,2.0253811705431164,1,48.200000000000415,-2.2,-2.84
24.01110000000021,-3.2622086865167135,-1.7265401584154594,1.9911621324897033,1,48.300000000000416,3.6909275843622806,-12.809303275518255
24.06110000000021,-3.3001041312687858,-1.6446484348229722,2.0191433250646296,1,48.40000000000042,2.2,-2.84
24.11110000000021,-3.3494731104778324,-1.5463553870651552,2.0533623631180427,1,48.50000000000042,-3.689198436099564,-13.938830383756718
24.16110000000021,-3.308645205817332,-1.6268252654479312,2.0253811705431164,1,48.60000000000042,-2.2,-2.84
24.21110000000021,-3.262045549812632,-1.726461059246683,1.9911621324897033,1,48.70000000000042,3.690746395804997,-12.809285066170462
24.261100000000212,-3.2999409945647042,-1.6445693356541957,2.0191433250646296,1,48.80000000000042,2.2,-2.84
24.311100000000213,-3.349309973773751,-1.5462762878963787,2.0533623631180427,1,48.900000000000425,-3.689017167069154,-13.938840161384535
24.361100000000214,-3.3084820691132504,-1.6267461662791547,2.0253811705431164,1,49.000000000000426,-2.2,-2.84
24.411100000000214,-3.2618824131085504,-1.7263819600779065,1.9911621324897033,1,49.10000000000043,3.690565207258814,-12.809266855034688
24.461100000000215,-3.2997778578606227,-1.6444902364854193,2.0191433250646296,1,49.20000000000043,2.2,-2.84
24.511100000000216,-3.3491468370696693,-1.5461971887276023,2.0533623631180427,1,49.30000000000043,-3.6888358980419436,-13.938849939973295
24.561100000000216,-3.308318932409169,-1.6266670671103782,2.0253811705431164,1,49.40000000000043,-2.2,-2.84
24.611100000000217,-3.261719276404469,-1.72630286090913,1.9911621324897033,1,49.50000000000043,3.690384018723734,-12.809248642110674
24.661100000000218,-3.299614721156541,-1.6444111373166428,2.0191433250646296,1,49.600000000000435,2.2,-2.84
24.71110000000022,-3.348983700365588,-1.5461180895588258,2.0533623631180427,1,49.700000000000436,-3.688654629017932,-13.938859719523144
24.76110000000022,-3.3081557957050873,-1.6265879679416018,2.0253811705431164,1,49.80000000000044,-2.2,-2.84
24.81110000000022,-3.2615561397003874,-1.7262237617403535,1.9911621324897033,1,49.90000000000044,3.690202830199759,-12.809230427398155
24.86110000000022,-3.2994515844524597,-1.6443320381478663,2.0191433250646296,1,50.00000000000044,2.2,-2.84
24.91110000000022,-3.3488205636615063,-1.5460389903900493,2.0533623631180427,1,50.10000000000044,-3.688473359997121,-13.938869500034214
24.961100000000222,-3.307992659001006,-1.6265088687728253,2.0253811705431164,1,50.20000000000044,-2.2,-2.84
25.011100000000223,-3.261393002996306,-1.726144662571577,1.9911621324897033,1,50.300000000000445,3.690021641686889,-12.809212210896868
25.061100000000224,-3.299288447748378,-1.6442529389790899,2.0191433250646296,1,50.400000000000446,2.2,-2.84
25.111100000000224,-3.3486574269574247,-1.5459598912212729,2.0533623631180427,1,50.50000000000045,-3.6882920909795107,-13.938879281506654
25.161100000000225,-3.3078295222969243,-1.6264297696040488,2.0253811705431164,1,50.60000000000045,-2.2,-2.84
25.211100000000226,-3.2612298662922243,-1.7260655634028006,1.9911621324897033,1,50.70000000000045,3.6898404531851274,-12.809193992606549
25.261100000000226,-3.2991253110442966,-1.6441738398103134,2.0191433250646296,1,50.80000000000045,2.2,-2.84
25.311100000000227,-3.348494290253343,-1.5458807920524964,2.0533623631180427,1,50.90000000000045,-3.6881108219651013,-13.938889063940607
25.361100000000228,-3.3076663855928428,-1.6263506704352724,2.0253811705431164,1,51.000000000000455,-2.2,-2.84
25.41110000000023,-3.261066729588143,-1.7259864642340241,1.9911621324897033,1,51.100000000000456,3.689659264694475,-12.809175772526935
25.46110000000023,-3.298962174340215,-1.644094740641537,2.0191433250646296,1,51.20000000000046,2.2,-2.84
25.51110000000023,-3.3483311535492617,-1.54580169288372,2.0533623631180427,1,51.30000000000046,-3.6879295529538934,-13.93889884733621
25.56110000000023,-3.3075032488887612,-1.626271571266496,2.0253811705431164,1,51.40000000000046,-2.2,-2.84
25.61110000000023,-3.2609035928840613,-1.7259073650652477,1.9911621324897033,1,51.50000000000046,3.6894780762149333,-12.809157550657762
25.661100000000232,-3.2987990376361336,-1.6440156414727605,2.0191433250646296,1,51.60000000000046,2.2,-2.84
25.711100000000233,-3.34816801684518,-1.5457225937149435,2.0533623631180427,1,51.700000000000465,-3.6877482839458877,-13.938908631693605
25.761100000000233,-3.3073401121846797,-1.6261924720977194,2.0253811705431164,1,51.800000000000466,-2.2,-2.84
25.811100000000234,-3.2607404561799798,-1.7258282658964712,1.9911621324897033,1,51.90000000000047,3.6892968877465044,-12.809139326998768
25.861100000000235,-3.298635900932052,-1.643936542303984,2.0191433250646296,1,52.00000000000047,2.2,-2.84
25.911100000000236,-3.3480048801410986,-1.545643494546167,2.0533623631180427,1,52.10000000000047,-3.6875670149410844,-13.938918417012939
25.961100000000236,-3.307176975480598,-1.626113372928943,2.0253811705431164,1,52.20000000000047,-2.2,-2.84
26.011100000000237,-3.2605773194758982,-1.7257491667276947,1.9911621324897033,1,52.30000000000047,3.68911569928919,-12.809121101549685
26.061100000000238,-3.2984727642279705,-1.6438574431352075,2.0191433250646296,1,52.400000000000475,2.2,-2.84
26.11110000000024,-3.347841743437017,-1.5455643953773905,2.0533623631180427,1,52.500000000000476,-3.687385745939484,-13.938928203294347
26.16110000000024,-3.3070138387765167,-1.6260342737601665,2.0253811705431164,1,52.60000000000048,-2.2,-2.84
26.21110000000024,-3.2604141827718167,-1.7256700675589183,1.9911621324897033,1,52.70000000000048,3.6889345108429907,-12.809102874310256
26.26110000000024,-3.298309627523889,-1.643778343966431,2.0191433250646296,1,52.80000000000048,2.2,-2.84
26.31110000000024,-3.3476786067329356,-1.545485296208614,2.0533623631180427,1,52.90000000000048,-3.6872044769410874,-13.938937990537976
26.361100000000242,-3.306850702072435,-1.62595517459139,2.0253811705431164,1,53.00000000000048,-2.2,-2.84
26.411100000000243,-3.260251046067735,-1.7255909683901418,1.9911621324897033,1,53.100000000000485,3.6887533224079094,-12.809084645280214
26.461100000000243,-3.2981464908198075,-1.6436992447976546,2.0191433250646296,1,53.200000000000486,2.2,-2.84
26.511100000000244,-3.347515470028854,-1.5454061970398376,2.0533623631180427,1,53.30000000000049,-3.687023207945894,-13.938947778743966
26.561100000000245,-3.3066875653683536,-1.6258760754226136,2.0253811705431164,1,53.40000000000049,-2.2,-2.84
26.611100000000246,-3.2600879093636537,-1.7255118692213653,1.9911621324897033,1,53.50000000000049,3.6885721339839472,-12.809066414459295
26.661100000000246,-3.297983354115726,-1.6436201456288781,2.0191433250646296,1,53.60000000000049,2.2,-2.84
26.711100000000247,-3.3473523333247726,-1.5453270978710612,2.0533623631180427,1,53.70000000000049,-3.686841938953906,-13.938957567912459
26.761100000000248,-3.306524428664272,-1.6257969762538371,2.0253811705431164,1,53.800000000000495,-2.2,-2.84
26.81110000000025,-3.259924772659572,-1.7254327700525889,1.9911621324897033,1,53.900000000000496,3.6883909455711055,-12.809048181847233
26.86110000000025,-3.2978202174116444,-1.6435410464601017,2.0191433250646296,1,54.0000000000005,2.2,-2.84
26.91110000000025,-3.347189196620691,-1.5452479987022847,2.0533623631180427,1,54.1000000000005,-3.686660669965122,-13.938967358043598
26.96110000000025,-3.3063612919601906,-1.6257178770850607,2.0253811705431164,1,54.2000000000005,-2.2,-2.84
27.01110000000025,-3.2597616359554906,-1.7253536708838124,1.9911621324897033,1,54.3000000000005,3.6882097571693864,-12.809029947443767
27.061100000000252,-3.297657080707563,-1.6434619472913252,2.0191433250646296,1,54.4000000000005,2.2,-2.84
27.111100000000253,-3.3470260599166095,-1.5451688995335082,2.0533623631180427,1,54.500000000000504,-3.6864794009795436,-13.93897714913752
27.161100000000253,-3.306198155256109,-1.6256387779162842,2.0253811705431164,1,54.600000000000506,-2.2,-2.84
27.211100000000254,-3.259598499251409,-1.725274571715036,1.9911621324897033,1,54.70000000000051,3.6880285687787913,-12.809011711248631
27.261100000000255,-3.2974939440034814,-1.6433828481225488,2.0191433250646296,1,54.80000000000051,2.2,-2.84
27.311100000000256,-3.346862923212528,-1.5450898003647318,2.0533623631180427,1,54.90000000000051,-3.6862981319971713,-13.938986941194376
27.361100000000256,-3.3060350185520275,-1.6255596787475077,2.0253811705431164,1,55.00000000000051,-2.2,-2.84
27.411100000000257,-3.2594353625473276,-1.7251954725462595,1.9911621324897033,1,55.10000000000051,3.687847380399322,-12.808993473261566
27.461100000000258,-3.2973308072994,-1.6433037489537723,2.0191433250646296,1,55.200000000000514,2.2,-2.84
27.51110000000026,-3.3466997865084465,-1.5450107011959553,2.0533623631180427,1,55.300000000000516,-3.6861168630180052,-13.938996734214298
27.56110000000026,-3.305871881847946,-1.6254805795787313,2.0253811705431164,1,55.40000000000052,-2.2,-2.84
27.61110000000026,-3.259272225843246,-1.725116373377483,1.9911621324897033,1,55.50000000000052,3.6876661920309797,-12.808975233482304
27.66110000000026,-3.2971676705953183,-1.6432246497849958,2.0191433250646296,1,55.60000000000052,2.2,-2.84
27.71110000000026,-3.346536649804365,-1.5449316020271788,2.0533623631180427,1,55.70000000000052,-3.685935594042046,-13.939006528197435
27.761100000000262,-3.3057087451438645,-1.6254014804099548,2.0253811705431164,1,55.80000000000052,-2.2,-2.84
27.811100000000263,-3.2591090891391645,-1.7250372742087066,1.9911621324897033,1,55.900000000000524,3.6874850036737667,-12.808956991910579
27.861100000000263,-3.297004533891237,-1.6431455506162194,2.0191433250646296,1,56.000000000000526,2.2,-2.84
27.911100000000264,-3.3463735131002834,-1.5448525028584024,2.0533623631180427,1,56.10000000000053,-3.6857543250692935,-13.93901632314393
27.961100000000265,-3.305545608439783,-1.6253223812411783,2.0253811705431164,1,56.20000000000053,-2.2,-2.84
28.011100000000265,-3.258945952435083,-1.72495817503993,1.9911621324897033,1,56.30000000000053,3.687303815327684,-12.808938748546133
28.061100000000266,-3.2968413971871553,-1.643066451447443,2.0191433250646296,1,56.40000000000053,2.2,-2.84
28.111100000000267,-3.346210376396202,-1.544773403689626,2.0533623631180427,1,56.50000000000053,-3.685573056099749,-13.939026119053919
28.161100000000268,-3.3053824717357014,-1.6252432820724019,2.0253811705431164,1,56.600000000000534,-2.2,-2.84
28.21110000000027,-3.2587828157310015,-1.7248790758711536,1.9911621324897033,1,56.700000000000536,3.6871226269927337,-12.808920503388695
28.26110000000027,-3.2966782604830738,-1.6429873522786664,2.0191433250646296,1,56.80000000000054,2.2,-2.84
28.31110000000027,-3.3460472396921204,-1.5446943045208494,2.0533623631180427,1,56.90000000000054,-3.6853917871334123,-13.93903591592755
28.36110000000027,-3.30521933503162,-1.6251641829036254,2.0253811705431164,1,57.00000000000054,-2.2,-2.84
28.41110000000027,-3.25861967902692,-1.7247999767023772,1.9911621324897033,1,57.10000000000054,3.6869414386689177,-12.808902256438005
28.461100000000272,-3.2965151237789923,-1.64290825310989,2.0191433250646296,1,57.20000000000054,2.2,-2.84
28.511100000000273,-3.345884102988039,-1.544615205352073,2.0533623631180427,1,57.300000000000544,-3.6852105181702846,-13.939045713764958
28.561100000000273,-3.3050561983275384,-1.625085083734849,2.0253811705431164,1,57.400000000000546,-2.2,-2.84
28.611100000000274,-3.2584565423228384,-1.7247208775336007,1.9911621324897033,1,57.50000000000055,3.6867602503562367,-12.808884007693798
28.661100000000275,-3.2963519870749107,-1.6428291539411135,2.0191433250646296,1,57.60000000000055,2.2,-2.84
28.711100000000275,-3.3457209662839573,-1.5445361061832965,2.0533623631180427,1,57.70000000000055,-3.6850292492103662,-13.939055512566295
28.761100000000276,-3.304893061623457,-1.6250059845660725,2.0253811705431164,1,57.80000000000055,-2.2,-2.84
28.811100000000277,-3.258293405618757,-1.7246417783648242,1.9911621324897033,1,57.90000000000055,3.686579062054693,-12.808865757155809
28.861100000000278,-3.296188850370829,-1.642750054772337,2.0191433250646296,1,58.000000000000554,2.2,-2.84
28.91110000000028,-3.345557829579876,-1.54445700701452,2.0533623631180427,1,58.100000000000556,-3.6848479802536573,-13.939065312331696
28.96110000000028,-3.3047299249193753,-1.624926885397296,2.0253811705431164,1,58.20000000000056,-2.2,-2.84
29.01110000000028,-3.2581302689146754,-1.7245626791960478,1.9911621324897033,1,58.30000000000056,3.686397873764288,-12.808847504823772
29.06110000000028,-3.2960257136667477,-1.6426709556035606,2.0191433250646296,1,58.40000000000056,2.2,-2.84
29.11110000000028,-3.3453946928757943,-1.5443779078457436,2.0533623631180427,1,58.50000000000056,-3.6846667113001583,-13.939075113061307
29.161100000000282,-3.304566788215294,-1.6248477862285196,2.0253811705431164,1,58.60000000000056,-2.2,-2.84
29.211100000000283,-3.257967132210594,-1.7244835800272713,1.9911621324897033,1,58.700000000000564,3.6862166854850242,-12.808829250697428
29.261100000000283,-3.295862576962666,-1.6425918564347841,2.0191433250646296,1,58.800000000000566,2.2,-2.84
29.311100000000284,-3.3452315561717128,-1.5442988086769671,2.0533623631180427,1,58.90000000000057,-3.6844854423498705,-13.939084914755266
29.361100000000285,-3.3044036515112123,-1.624768687059743,2.0253811705431164,1,59.00000000000057,-2.2,-2.84
29.411100000000285,-3.2578039955065123,-1.7244044808584948,1.9911621324897033,1,59.10000000000057,3.6860354972169014,-12.808810994776506
29.461100000000286,-3.2956994402585846,-1.6425127572660077,2.0191433250646296,1,59.20000000000057,2.2,-2.84
29.511100000000287,-3.3450684194676312,-1.5442197095081907,2.0533623631180427,1,59.30000000000057,-3.684304173402793,-13.939094717413719
29.561100000000287,-3.3042405148071308,-1.6246895878909666,2.0253811705431164,1,59.400000000000574,-2.2,-2.84
29.611100000000288,-3.257640858802431,-1.7243253816897184,1.9911621324897033,1,59.500000000000576,3.6858543089599234,-12.808792737060745
29.66110000000029,-3.295536303554503,-1.6424336580972312,2.0191433250646296,1,59.60000000000058,2.2,-2.84
29.71110000000029,-3.3449052827635497,-1.5441406103394142,2.0533623631180427,1,59.70000000000058,-3.684122904458927,-13.939104521036809
29.76110000000029,-3.3040773781030492,-1.6246104887221902,2.0253811705431164,1,59.80000000000058,-2.2,-2.84
29.81110000000029,-3.2574777220983493,-1.724246282520942,1.9911621324897033,1,59.90000000000058,3.68567312071409,-12.808774477549882
29.86110000000029,-3.2953731668504216,-1.6423545589284547,2.0191433250646296,1,60.00000000000058,2.2,-2.84
29.911100000000292,-3.344742146059468,-1.5440615111706377,2.0533623631180427,1,60.100000000000584,-3.6839416355182735,-13.939114325624672
29.961100000000293,-3.3039142413989677,-1.6245313895534137,2.0253811705431164,1,60.200000000000585,-2.2,-2.84
30,-3.2673648348837565,-1.70191126240025,1.998758758937762,1,60.30000000000059,-2.2,-2.84
